"Parroquia","Parroquia_Nombre","Mesas_Totales","Mesas_Transmitidas","Electores","Votantes","Participacion","Votos_Edmundo_Gonzalez","Votos_Nicolas_Maduro","Municipio","ganador"
1,"ALTAGRACIA",52,40,31009,17538,56.56,11695,5282,NA,"edmundo"
2,"CANDELARIA",65,40,34407,17077,49.63,12596,3994,NA,"edmundo"
3,"CATEDRAL",28,22,17353,8976,51.73,3881,4879,NA,"maduro"
4,"LA PASTORA",96,65,48162,29322,60.88,19128,9102,NA,"edmundo"
5,"SAN AGUSTIN",51,36,30820,18542,60.16,10102,7821,NA,"edmundo"
6,"SAN JOSE",41,29,24153,13627,56.42,9185,4005,NA,"edmundo"
7,"SAN JUAN",114,91,73223,44464,60.72,28160,14637,NA,"edmundo"
8,"SANTA ROSALIA",121,83,65405,40607,62.09,25160,14038,NA,"edmundo"
9,"SANTA TERESA",29,28,22328,12077,54.09,7839,3831,NA,"edmundo"
10,"SUCRE",394,127,100035,60390,60.37,39112,19055,NA,"edmundo"
11,"23 DE ENERO",100,36,27013,17297,64.03,10018,6566,NA,"edmundo"
12,"ANTIMANO",147,79,59420,39934,67.21,22956,14786,NA,"edmundo"
13,"EL RECREO",129,110,89421,44047,49.26,30808,11902,NA,"edmundo"
14,"EL VALLE",156,92,75408,48188,63.9,29500,16930,NA,"edmundo"
15,"LA VEGA",141,71,57884,34185,59.06,22635,10446,NA,"edmundo"
16,"MACARAO",69,66,49426,34017,68.82,19870,12826,NA,"edmundo"
17,"CARICUAO",143,107,81291,51554,63.42,34635,15068,NA,"edmundo"
18,"EL JUNQUITO",66,60,43386,26237,60.47,18424,6910,NA,"edmundo"
19,"COCHE",82,43,35268,21103,59.84,13304,7133,NA,"edmundo"
20,"SAN PEDRO",76,63,55435,27579,49.75,20492,6404,NA,"edmundo"
21,"SAN BERNARDINO",36,33,25455,12758,50.12,8879,3553,NA,"edmundo"
22,"EL PARAISO",124,90,71894,40002,55.64,27737,11040,NA,"edmundo"
23,"ANACO",119,105,82732,47516,57.43,33489,12684,NA,"edmundo"
24,"SAN JOAQUIN",9,6,5478,2959,54.02,1871,994,NA,"edmundo"
25,"CM. ARAGUA DE BARCELONA",42,40,21779,14480,66.49,8282,5817,NA,"edmundo"
26,"CACHIPO",2,1,809,523,64.65,278,225,NA,"edmundo"
27,"EL CARMEN",174,157,129334,80540,62.27,57023,21216,NA,"edmundo"
28,"SAN CRISTOBAL",187,144,116428,72903,62.62,47795,22805,NA,"edmundo"
29,"BERGANTIN",5,4,2969,1684,56.72,887,740,NA,"edmundo"
30,"CAIGUA",7,4,3069,2103,68.52,1062,978,NA,"edmundo"
31,"EL PILAR",4,3,1824,1316,72.15,599,672,NA,"maduro"
32,"NARICUAL",20,18,11700,7073,60.45,3921,2894,NA,"edmundo"
33,"CM. CLARINES",19,18,14279,9214,64.53,5729,3245,NA,"edmundo"
34,"GUANAPE",10,8,5334,3467,65,1987,1389,NA,"edmundo"
35,"SABANA DE UCHIRE",7,6,3374,2219,65.77,1301,874,NA,"edmundo"
36,"CM. ONOTO",18,17,8584,5064,58.99,2823,2158,NA,"edmundo"
37,"SAN PABLO",5,5,2336,1586,67.89,674,895,NA,"maduro"
38,"CM. CANTAURA",69,64,48131,28629,59.48,17116,10730,NA,"edmundo"
39,"LIBERTADOR",4,3,1627,1048,64.41,504,537,NA,"maduro"
40,"SANTA ROSA",8,8,5183,3394,65.48,1611,1723,NA,"maduro"
41,"URICA",9,9,5513,3480,63.12,1797,1624,NA,"edmundo"
42,"CM. SOLEDAD",32,31,20874,12799,61.32,7677,4775,NA,"edmundo"
43,"MAMO",13,8,3820,2498,65.39,1176,1264,NA,"maduro"
44,"CM. SAN MATEO",13,13,9601,5981,62.3,3166,2726,NA,"edmundo"
45,"EL CARITO",2,2,1888,1284,68.01,680,595,NA,"edmundo"
46,"SANTA INES",4,4,3081,1767,57.35,852,894,NA,"maduro"
47,"CM. PARIAGUAN",37,37,30090,19215,63.86,12712,6059,NA,"edmundo"
48,"ATAPIRIRE",7,7,4684,2537,54.16,1471,1004,NA,"edmundo"
49,"BOCA DEL PAO",5,4,2265,1155,50.99,516,627,NA,"maduro"
50,"EL PAO",4,4,2925,1850,63.25,921,904,NA,"edmundo"
51,"CM. MAPIRE",6,5,3432,1979,57.66,1065,869,NA,"edmundo"
52,"PIAR",3,3,1333,796,59.71,325,463,NA,"maduro"
53,"SN DIEGO DE CABRUTICA",7,5,3586,1994,55.61,1187,718,NA,"edmundo"
54,"SANTA CLARA",3,3,2523,1522,60.33,780,708,NA,"edmundo"
55,"UVERITO",3,2,1514,994,65.65,521,452,NA,"edmundo"
56,"ZUATA",4,3,2020,1202,59.5,701,485,NA,"edmundo"
57,"CM. PUERTO PIRITU",26,26,20413,12495,61.21,8075,4160,NA,"edmundo"
58,"SAN MIGUEL",4,4,2738,1931,70.53,888,1021,NA,"maduro"
59,"SUCRE",6,6,2443,1696,69.42,807,858,NA,"maduro"
60,"CM. EL TIGRE",171,125,101161,59952,59.26,44059,14192,NA,"edmundo"
61,"POZUELOS",168,136,111889,68709,61.41,47170,19431,NA,"edmundo"
62,"CM. PUERTO LA CRUZ",71,62,51367,30115,58.63,21843,7575,NA,"edmundo"
63,"CM. SAN JOSE DE GUANIPA",82,71,55889,34728,62.14,24390,9370,NA,"edmundo"
64,"GUANTA",26,24,18332,11632,63.45,8041,3266,NA,"edmundo"
65,"CHORRERON",16,16,11594,7638,65.88,4620,2777,NA,"edmundo"
66,"PIRITU",26,25,21649,14003,64.68,8362,5332,NA,"edmundo"
67,"SAN FRANCISCO",1,1,867,575,66.32,340,222,NA,"edmundo"
68,"LECHERIAS",37,37,32362,16793,51.89,14402,2153,NA,"edmundo"
69,"EL MORRO",6,6,5410,2580,47.69,2251,294,NA,"edmundo"
70,"VALLE GUANAPE",16,16,10848,7200,66.37,4110,2941,NA,"edmundo"
71,"SANTA BARBARA",1,1,940,575,61.17,277,288,NA,"maduro"
72,"SANTA ANA",12,12,8069,4960,61.47,3003,1823,NA,"edmundo"
73,"PUEBLO NUEVO",2,1,920,554,60.22,314,214,NA,"edmundo"
74,"EL CHAPARRO",11,8,5698,3510,61.6,1791,1645,NA,"edmundo"
76,"BOCA DE UCHIRE",9,8,6760,4542,67.19,2346,2070,NA,"edmundo"
77,"BOCA DE CHAVEZ",2,1,365,348,95.34,186,152,NA,"edmundo"
78,"ACHAGUAS",44,39,25186,15891,63.09,8999,6620,NA,"edmundo"
79,"APURITO",7,7,3852,2360,61.27,1316,1023,NA,"edmundo"
80,"EL YAGUAL",8,6,2891,1643,56.83,738,889,NA,"maduro"
81,"GUACHARA",10,6,2938,1722,58.61,969,749,NA,"edmundo"
82,"MUCURITAS",7,6,4209,2605,61.89,1500,1082,NA,"edmundo"
83,"QUESERAS DEL MEDIO",7,7,4037,2453,60.76,1171,1260,NA,"maduro"
84,"BRUZUAL",11,9,5214,3073,58.94,1783,1257,NA,"edmundo"
85,"MANTECAL",20,19,12617,7874,62.41,4630,3085,NA,"edmundo"
86,"QUINTERO",2,1,652,363,55.67,216,144,NA,"edmundo"
87,"SAN VICENTE",5,2,949,558,58.8,304,253,NA,"edmundo"
88,"RINCON HONDO",10,7,4096,2431,59.35,1183,1212,NA,"maduro"
89,"GUASDUALITO",61,59,44110,25039,56.76,19239,5195,NA,"edmundo"
90,"ARAMENDI",8,5,1940,1082,55.77,704,361,NA,"edmundo"
91,"EL AMPARO",18,18,12058,4091,33.93,2980,1011,NA,"edmundo"
92,"SAN CAMILO",22,22,14774,8224,55.67,6330,1709,NA,"edmundo"
93,"URDANETA",20,17,10616,5289,49.82,3236,1900,NA,"edmundo"
94,"SAN JUAN DE PAYARA",17,16,9333,5867,62.86,3650,2147,NA,"edmundo"
95,"CODAZZI",9,6,3901,2026,51.94,1147,840,NA,"edmundo"
96,"CUNAVICHE",21,16,9382,5341,56.93,3236,2032,NA,"edmundo"
97,"ELORZA",28,26,16418,9460,57.62,6501,2752,NA,"edmundo"
98,"LA TRINIDAD",9,7,3367,2070,61.48,1131,896,NA,"edmundo"
99,"SAN FERNANDO",125,114,90503,57464,63.49,36493,19880,NA,"edmundo"
100,"PEÑALVER",15,13,6893,3864,56.06,1797,2031,NA,"maduro"
101,"EL RECREO",35,30,20360,13189,64.78,7238,5611,NA,"edmundo"
102,"SN RAFAEL DE ATAMAICA",11,10,5576,2986,53.55,1696,1263,NA,"edmundo"
103,"BIRUACA",74,65,40839,26184,64.12,15993,9677,NA,"edmundo"
104,"LAS DELICIAS",52,50,41479,23686,57.1,18031,5014,NA,"edmundo"
105,"CHORONI",7,7,4512,2968,65.78,1814,1037,NA,"edmundo"
106,"MADRE MA DE SAN JOSE",66,65,54737,28642,52.33,22401,5600,NA,"edmundo"
107,"JOAQUIN CRESPO",58,51,42463,24863,58.55,18530,5701,NA,"edmundo"
108,"PEDRO JOSE OVALLES",56,53,41875,25220,60.23,17181,7163,NA,"edmundo"
109,"JOSE CASANOVA GODOY",58,54,45250,25860,57.15,18923,6262,NA,"edmundo"
110,"ANDRES ELOY BLANCO",54,50,39191,22008,56.16,16480,4936,NA,"edmundo"
111,"LOS TACARIGUAS",73,66,52517,31494,59.97,20833,9542,NA,"edmundo"
112,"CM. TURMERO",51,51,44760,25310,56.55,18928,5719,NA,"edmundo"
113,"SAMAN DE GUERE",69,62,53225,31806,59.76,22287,8400,NA,"edmundo"
114,"ALFREDO PACHECO M",19,18,15670,9199,58.7,5936,2965,NA,"edmundo"
115,"CHUAO",3,2,1289,926,71.84,405,495,NA,"maduro"
116,"AREVALO APONTE",39,34,27528,16610,60.34,9802,6070,NA,"edmundo"
117,"CM. JUAN VICENTE BOLIVAR",57,51,40851,23186,56.76,15047,7383,NA,"edmundo"
118,"ZUATA",27,25,19473,10811,55.52,5371,4945,NA,"edmundo"
119,"PAO DE ZARATE",6,6,2822,1813,64.25,689,1066,NA,"maduro"
120,"CASTOR NIEVES RIOS",48,45,37061,22393,60.42,15832,5924,NA,"edmundo"
121,"LAS GUACAMAYAS",7,7,5874,3524,59.99,2175,1224,NA,"edmundo"
122,"CM. SAN CASIMIRO",25,23,15335,10175,66.35,5269,4534,NA,"edmundo"
123,"VALLE MORIN",2,1,134,85,63.43,57,25,NA,"edmundo"
124,"GUIRIPA",4,4,1723,1183,68.66,451,689,NA,"maduro"
126,"CM. SAN SEBASTIAN",24,23,18039,11411,63.26,6878,4031,NA,"edmundo"
127,"CM. CAGUA",96,92,80857,47983,59.34,33142,13642,NA,"edmundo"
128,"BELLA VISTA",9,9,6674,4283,64.17,2767,1401,NA,"edmundo"
129,"CM. BARBACOAS",14,12,8066,5493,68.1,3282,2096,NA,"edmundo"
130,"SAN FRANCISCO DE CARA",3,2,1680,1106,65.83,673,394,NA,"edmundo"
131,"TAGUAY",5,5,3537,2464,69.66,1321,1087,NA,"edmundo"
132,"LAS PEÑITAS",4,4,1845,1323,71.71,829,474,NA,"edmundo"
133,"CM. VILLA DE CURA",78,72,55139,34992,63.46,22809,11060,NA,"edmundo"
134,"MAGDALENO",16,16,13300,7863,59.12,4756,2824,NA,"edmundo"
135,"SAN FRANCISCO DE ASIS",18,18,15107,9139,60.5,5773,3092,NA,"edmundo"
136,"VALLES DE TUCUTUNEMO",10,7,5402,3616,66.94,2067,1421,NA,"edmundo"
137,"PQ AUGUSTO MIJARES",7,7,5211,3168,60.79,1823,1244,NA,"edmundo"
138,"CM. PALO NEGRO",35,33,25651,16566,64.58,11283,4449,NA,"edmundo"
139,"SAN MARTIN DE PORRES",61,56,46234,28902,62.51,18550,8943,NA,"edmundo"
140,"CM. SANTA CRUZ",34,34,26971,17704,65.64,13163,4013,NA,"edmundo"
141,"CM. SAN MATEO",42,36,27376,16634,60.76,10128,5969,NA,"edmundo"
142,"CM. LAS TEJERIAS",32,24,17669,11146,63.08,6366,4403,NA,"edmundo"
143,"TIARA",6,4,1836,1137,61.93,535,551,NA,"maduro"
144,"CM. EL LIMON",38,38,32276,18064,55.97,14025,3575,NA,"edmundo"
145,"CAÑA DE AZUCAR",75,70,55755,33881,60.77,23805,9037,NA,"edmundo"
146,"CM. COLONIA TOVAR",31,31,16178,11191,69.17,8369,2450,NA,"edmundo"
147,"CM. CAMATAGUA",14,14,9566,5917,61.85,3140,2632,NA,"edmundo"
148,"CARMEN DE CURA",5,5,3605,2376,65.91,1555,721,NA,"edmundo"
149,"CM. EL CONSEJO",47,40,31994,20136,62.94,11390,8056,NA,"edmundo"
150,"CM. SANTA RITA",86,86,70238,43289,61.63,28774,12913,NA,"edmundo"
151,"FRANCISCO DE MIRANDA",21,21,17456,10626,60.87,7349,2907,NA,"edmundo"
152,"MONS FELICIANO G",10,10,8630,4842,56.11,3073,1593,NA,"edmundo"
153,"OCUMARE DE LA COSTA",15,15,10719,6695,62.46,3871,2624,NA,"edmundo"
154,"ARISMENDI",31,25,8857,4935,55.72,3018,1823,NA,"edmundo"
155,"GUADARRAMA",8,1,77,28,36.36,4,22,NA,"maduro"
156,"LA UNION",12,1,399,144,36.09,89,50,NA,"edmundo"
158,"ALFREDO A LARRIVA",11,11,6482,3968,61.22,2904,995,NA,"edmundo"
159,"BARINAS",13,13,10391,5855,56.35,4671,1078,NA,"edmundo"
160,"SAN SILVESTRE",13,13,6810,4497,66.04,3173,1217,NA,"edmundo"
161,"SANTA INES",6,6,2702,1883,69.69,1493,369,NA,"edmundo"
163,"TORUNOS",7,7,3854,2425,62.92,1715,670,NA,"edmundo"
164,"EL CARMEN",47,43,34458,21192,61.5,17041,3818,NA,"edmundo"
165,"ROMULO BETANCOURT",43,43,31223,19581,62.71,15175,4012,NA,"edmundo"
166,"CORAZON DE JESUS",62,56,38296,24250,63.32,18099,5645,NA,"edmundo"
167,"RAMON I MENDEZ",65,62,46588,27974,60.05,21126,6194,NA,"edmundo"
168,"ALTO BARINAS",73,71,54771,33253,60.71,26054,6673,NA,"edmundo"
169,"MANUEL P FAJARDO",10,10,6689,3999,59.78,2958,979,NA,"edmundo"
170,"JUAN A RODRIGUEZ D",5,5,2888,1797,62.22,1362,404,NA,"edmundo"
171,"DOMINGA ORTIZ P",9,9,6014,3730,62.02,2768,901,NA,"edmundo"
172,"ALTAMIRA",9,9,2508,1736,69.22,1132,574,NA,"edmundo"
173,"BARINITAS",49,48,32978,20869,63.28,15382,5104,NA,"edmundo"
174,"CALDERAS",18,18,5139,3408,66.32,1956,1400,NA,"edmundo"
175,"SANTA BARBARA",53,53,33959,21183,62.38,17258,3651,NA,"edmundo"
176,"PQ.JOSE IGNACIO DEL PUMAR",5,5,2854,1889,66.19,1567,313,NA,"edmundo"
177,"RAMON IGNACIO MENDEZ",3,3,2554,1432,56.07,1095,308,NA,"edmundo"
178,"PEDRO BRICEÑO MENDEZ",8,8,4886,3363,68.83,2911,414,NA,"edmundo"
179,"EL REAL",4,4,2508,1689,67.34,940,698,NA,"edmundo"
180,"LA LUZ",15,15,5446,3840,70.51,2160,1612,NA,"edmundo"
181,"OBISPOS",25,24,12846,8456,65.83,5736,2524,NA,"edmundo"
182,"LOS GUASIMITOS",11,11,7684,4784,62.26,3539,1131,NA,"edmundo"
183,"CIUDAD BOLIVIA",57,56,35513,22824,64.27,18561,3898,NA,"edmundo"
184,"IGNACIO BRICEÑO",7,7,2955,1643,55.6,1365,243,NA,"edmundo"
185,"PAEZ",11,9,4880,3087,63.26,2391,618,NA,"edmundo"
186,"JOSE FELIX RIBAS",16,16,6677,4306,64.49,3024,1202,NA,"edmundo"
187,"DOLORES",10,10,6049,3947,65.25,2544,1341,NA,"edmundo"
188,"LIBERTAD",17,16,9493,6320,66.58,4197,2017,NA,"edmundo"
189,"PALACIOS FAJARDO",9,7,4297,2764,64.32,1644,1062,NA,"edmundo"
190,"SANTA ROSA",16,16,7291,4886,67.01,2991,1795,NA,"edmundo"
191,"SIMON RODRIGUEZ",6,6,3386,2389,70.56,1305,1051,NA,"edmundo"
192,"CIUDAD DE NUTRIAS",11,10,6092,3997,65.61,2711,1218,NA,"edmundo"
193,"EL REGALO",5,5,2294,1613,70.31,1236,365,NA,"edmundo"
194,"PUERTO DE NUTRIAS",3,3,2174,1279,58.83,724,539,NA,"edmundo"
195,"SANTA CATALINA",3,1,532,260,48.87,203,56,NA,"edmundo"
196,"SIMON BOLIVAR",16,14,8003,5545,69.29,3333,2116,NA,"edmundo"
197,"RODRIGUEZ DOMINGUEZ",15,12,6112,4098,67.05,2567,1461,NA,"edmundo"
198,"SABANETA",42,42,26600,17958,67.51,10641,7000,NA,"edmundo"
199,"TICOPORO",59,58,45243,27421,60.61,23164,3880,NA,"edmundo"
200,"NICOLAS PULIDO",9,9,6075,3871,63.72,3032,788,NA,"edmundo"
201,"ANDRES BELLO",8,8,5414,3509,64.81,2865,593,NA,"edmundo"
202,"BARRANCAS",35,32,17273,10399,60.2,7276,2978,NA,"edmundo"
203,"EL SOCORRO",8,4,2194,1424,64.9,1058,351,NA,"edmundo"
204,"MASPARRITO",2,1,127,78,61.42,53,25,NA,"edmundo"
205,"EL CANTON",12,12,6668,4173,62.58,3358,769,NA,"edmundo"
206,"SANTA CRUZ DE GUACAS",9,9,4236,2524,59.58,2096,382,NA,"edmundo"
207,"PUERTO VIVAS",7,7,2886,1818,62.99,1344,453,NA,"edmundo"
208,"SIMON BOLIVAR",88,60,44271,26266,59.33,18966,6719,NA,"edmundo"
209,"ONCE DE ABRIL",82,7,5032,2996,59.54,1842,1024,NA,"edmundo"
210,"VISTA AL SOL",69,25,19994,12166,60.85,7505,4210,NA,"edmundo"
211,"CHIRICA",91,25,17245,10698,62.04,6927,3433,NA,"edmundo"
212,"DALLA COSTA",80,39,30452,18395,60.41,12923,5003,NA,"edmundo"
213,"CACHAMAY",46,40,32756,16486,50.33,13377,2810,NA,"edmundo"
214,"UNIVERSIDAD",49,47,38187,18011,47.17,14864,2816,NA,"edmundo"
215,"UNARE",150,119,95637,52773,55.18,39367,12073,NA,"edmundo"
216,"YOCOIMA",16,3,2064,1246,60.37,688,521,NA,"edmundo"
217,"POZO VERDE",26,2,1046,714,68.26,331,334,NA,"maduro"
218,"5 DE JULIO",5,2,1144,668,58.39,198,439,NA,"maduro"
219,"CM. CAICARA DEL ORINOCO",55,48,29807,16853,56.54,10326,6177,NA,"edmundo"
220,"ASCENSION FARRERAS",15,3,1547,862,55.72,442,402,NA,"edmundo"
222,"LA URBANA",5,1,634,361,56.94,87,268,NA,"maduro"
225,"CATEDRAL",78,76,48374,28197,58.29,21651,5915,NA,"edmundo"
226,"AGUA SALADA",63,58,43045,25416,59.05,18518,6183,NA,"edmundo"
227,"LA SABANITA",81,79,55871,33383,59.75,24852,7705,NA,"edmundo"
228,"VISTA HERMOSA",63,58,42644,24148,56.63,19002,4675,NA,"edmundo"
229,"MARHUANTA",29,27,20453,11955,58.45,8007,3655,NA,"edmundo"
230,"JOSE ANTONIO PAEZ",37,34,22860,13140,57.48,8226,4447,NA,"edmundo"
231,"ORINOCO",4,3,1579,982,62.19,291,665,NA,"maduro"
232,"PANAPANA",8,6,1754,1149,65.51,593,507,NA,"edmundo"
233,"ZEA",9,8,1726,916,53.07,514,379,NA,"edmundo"
234,"CM. UPATA",94,89,68136,45483,66.75,34947,9439,NA,"edmundo"
235,"ANDRES ELOY BLANCO",11,11,6357,3977,62.56,2608,1262,NA,"edmundo"
236,"PEDRO COVA",11,10,6514,3538,54.31,2458,955,NA,"edmundo"
237,"CM. GUASIPATI",28,24,18707,11525,61.61,8543,2685,NA,"edmundo"
238,"SALOM",3,3,1552,924,59.54,626,279,NA,"edmundo"
239,"CM. MARIPA",8,7,5027,2647,52.66,1317,1276,NA,"edmundo"
240,"ARIPAO",6,1,524,241,45.99,114,122,NA,"maduro"
241,"LAS MAJADAS",2,1,149,73,48.99,26,47,NA,"maduro"
242,"MOITACO",12,11,4597,2709,58.93,1162,1457,NA,"maduro"
243,"GUARATARO",9,8,6381,3443,53.96,1669,1675,NA,"maduro"
244,"CM. TUMEREMO",30,26,22021,12734,57.83,9341,2986,NA,"edmundo"
247,"CM. CIUDAD PIAR",21,13,8248,4724,57.27,3641,979,NA,"edmundo"
248,"SAN FRANCISCO",13,2,1222,652,53.36,474,159,NA,"edmundo"
249,"BARCELONETA",18,7,5171,2382,46.06,1732,560,NA,"edmundo"
250,"SANTA BARBARA",4,3,2082,1276,61.29,885,347,NA,"edmundo"
251,"CM. SANTA ELENA DE UAIREN",49,11,7895,3500,44.33,2535,853,NA,"edmundo"
253,"CM. EL CALLAO",28,26,21207,12979,61.2,9866,2738,NA,"edmundo"
254,"CM. EL PALMAR",19,19,13257,8263,62.33,4797,3287,NA,"edmundo"
255,"BEJUMA",32,24,20316,12291,60.5,9081,2933,NA,"edmundo"
256,"CANOABO",10,9,5694,3882,68.18,2635,1170,NA,"edmundo"
257,"SIMON BOLIVAR",10,10,6267,4365,69.65,3230,1011,NA,"edmundo"
258,"GUIGUE",74,52,39608,25989,65.62,15424,9326,NA,"edmundo"
259,"BELEN",17,9,6441,4058,63,2299,1643,NA,"edmundo"
260,"TACARIGUA",56,38,29793,17629,59.17,10143,6776,NA,"edmundo"
261,"MARIARA",42,39,32011,18863,58.93,11783,6487,NA,"edmundo"
262,"AGUAS CALIENTES",48,31,23664,13992,59.13,7608,5871,NA,"edmundo"
263,"GUACARA",116,86,73247,44523,60.78,31436,11774,NA,"edmundo"
264,"CIUDAD ALIANZA",18,18,15787,8146,51.6,6816,1177,NA,"edmundo"
265,"YAGUA",19,18,14722,9381,63.72,6302,2828,NA,"edmundo"
266,"MONTALBAN",24,24,19238,12636,65.68,8937,3395,NA,"edmundo"
267,"MORON",65,65,47108,28643,60.8,16650,11112,NA,"edmundo"
268,"URAMA",13,12,6332,4009,63.31,2158,1748,NA,"edmundo"
270,"FRATERNIDAD",10,8,6853,3764,54.92,2788,885,NA,"edmundo"
271,"GOAIGOAZA",44,19,14673,8908,60.71,6336,2310,NA,"edmundo"
272,"JUAN JOSE FLORES",61,41,33174,19395,58.46,13750,5046,NA,"edmundo"
273,"BARTOLOME SALOM",40,21,16128,9936,61.61,7159,2505,NA,"edmundo"
274,"UNION",4,2,1885,985,52.25,659,294,NA,"edmundo"
275,"BORBURATA",9,2,1666,980,58.82,593,353,NA,"edmundo"
277,"SAN JOAQUIN",56,29,24641,14718,59.73,10055,4322,NA,"edmundo"
278,"CANDELARIA",29,29,24264,14112,58.16,10168,3529,NA,"edmundo"
279,"CATEDRAL",4,4,3647,1832,50.23,1278,497,NA,"edmundo"
281,"MIGUEL PEÑA",312,189,155356,97023,62.45,67527,25908,NA,"edmundo"
282,"SAN BLAS",24,24,19521,10994,56.32,8452,2257,NA,"edmundo"
283,"SAN JOSE",125,118,103383,46017,44.51,40822,4487,NA,"edmundo"
284,"SANTA ROSA",64,46,38608,23468,60.79,16226,6513,NA,"edmundo"
285,"RAFAEL URDANETA",161,99,85866,50589,58.92,34789,14284,NA,"edmundo"
287,"MIRANDA",31,26,19394,12024,62,8224,3532,NA,"edmundo"
288,"U LOS GUAYOS",131,89,73401,43850,59.74,30333,11879,NA,"edmundo"
289,"NAGUANAGUA",127,100,84434,48574,57.53,37288,9933,NA,"edmundo"
290,"URB SAN DIEGO",81,79,71098,39276,55.24,32586,5843,NA,"edmundo"
291,"U TOCUYITO",117,5,3920,2425,61.86,1295,1030,NA,"edmundo"
293,"COJEDES",10,10,5484,3745,68.29,1832,1830,NA,"edmundo"
294,"JUAN DE MATA SUAREZ",15,15,9134,5973,65.39,3521,2307,NA,"edmundo"
295,"TINAQUILLO",110,104,73180,47213,64.52,31092,14731,NA,"edmundo"
296,"EL BAUL",14,8,6033,4096,67.89,2492,1484,NA,"edmundo"
297,"SUCRE",4,3,1465,971,66.28,646,302,NA,"edmundo"
298,"EL PAO",42,26,11176,7672,68.65,3808,3702,NA,"edmundo"
299,"LIBERTAD DE COJEDES",17,17,10511,7305,69.5,3328,3835,NA,"maduro"
300,"EL AMPARO",3,3,2148,1548,72.07,624,856,NA,"maduro"
301,"SAN CARLOS DE AUSTRIA",127,122,81977,54236,66.16,36757,16248,NA,"edmundo"
302,"JUAN ANGEL BRAVO",5,5,1148,855,74.48,403,442,NA,"maduro"
303,"MANUEL MANRIQUE",8,8,3562,2644,74.23,1401,1182,NA,"edmundo"
304,"GRL/JEFE JOSE L SILVA",48,47,28236,18629,65.98,11653,6498,NA,"edmundo"
305,"MACAPO",10,10,6040,4503,74.55,2973,1458,NA,"edmundo"
306,"LA AGUADITA",7,7,3619,2618,72.34,1684,876,NA,"edmundo"
307,"ROMULO GALLEGOS",30,30,17641,11298,64.04,6657,4398,NA,"edmundo"
308,"SAN JUAN DE LOS CAYOS",10,8,5345,3239,60.6,2288,885,NA,"edmundo"
309,"CAPADARE",10,7,4554,2671,58.65,1778,817,NA,"edmundo"
310,"LA PASTORA",8,7,2084,1506,72.26,720,736,NA,"maduro"
311,"LIBERTADOR",1,1,687,405,58.95,262,136,NA,"edmundo"
312,"SAN LUIS",14,12,3422,2317,67.71,1102,1174,NA,"maduro"
313,"ARACUA",4,4,2033,1404,69.06,798,592,NA,"edmundo"
314,"LA PEÑA",4,4,1371,935,68.2,425,490,NA,"maduro"
315,"CAPATARIDA",10,10,6516,4403,67.57,3259,1054,NA,"edmundo"
316,"BOROJO",4,4,1727,1162,67.28,918,232,NA,"edmundo"
317,"SEQUE",6,6,2054,1432,69.72,1104,291,NA,"edmundo"
318,"ZAZARIDA",9,8,4697,3155,67.17,1609,1472,NA,"edmundo"
319,"BARIRO",4,4,2264,1490,65.81,1236,212,NA,"edmundo"
320,"GUAJIRO",4,4,1747,1131,64.74,916,193,NA,"edmundo"
321,"NORTE",50,47,38900,22789,58.58,17071,5098,NA,"edmundo"
322,"CARIRUBANA",89,84,67880,37616,55.42,29305,7413,NA,"edmundo"
323,"PUNTA CARDON",74,66,53351,30975,58.06,23305,6934,NA,"edmundo"
324,"SANTA ANA",20,20,12702,7914,62.31,5184,2458,NA,"edmundo"
325,"LA VELA DE CORO",30,27,20657,11856,57.39,8318,3211,NA,"edmundo"
326,"ACURIGUA",3,3,1416,904,63.84,539,345,NA,"edmundo"
327,"GUAIBACOA",1,1,617,392,63.53,249,129,NA,"edmundo"
329,"LAS CALDERAS",6,6,5123,3064,59.81,2459,547,NA,"edmundo"
335,"PUEBLO NUEVO",21,20,12643,7837,61.99,5618,2056,NA,"edmundo"
336,"ADICORA",9,9,4844,3006,62.06,2044,898,NA,"edmundo"
337,"BARAIVED",4,4,2814,1693,60.16,1135,519,NA,"edmundo"
338,"BUENA VISTA",7,7,3678,2283,62.07,1648,572,NA,"edmundo"
339,"JADACAQUIVA",9,9,3103,2057,66.29,1422,599,NA,"edmundo"
340,"MORUY",11,11,6003,4031,67.15,2615,1314,NA,"edmundo"
341,"EL VINCULO",7,7,2757,1809,65.61,1188,573,NA,"edmundo"
342,"EL HATO",3,3,1914,1136,59.35,748,378,NA,"edmundo"
343,"ADAURE",3,3,1729,1186,68.59,886,260,NA,"edmundo"
344,"CHURUGUARA",21,20,12185,8102,66.49,5839,2107,NA,"edmundo"
345,"AGUA LARGA",9,9,2378,1557,65.48,945,577,NA,"edmundo"
346,"INDEPENDENCIA",4,4,778,554,71.21,351,189,NA,"edmundo"
347,"MAPARARI",12,12,5173,3436,66.42,1998,1330,NA,"edmundo"
348,"EL PAUJI",6,6,2717,2022,74.42,1090,782,NA,"edmundo"
349,"MENE DE MAUROA",23,23,13938,9344,67.04,7032,2115,NA,"edmundo"
350,"CASIGUA",12,11,4981,3378,67.82,2267,1028,NA,"edmundo"
351,"SAN FELIX",4,4,1672,1174,70.22,824,330,NA,"edmundo"
352,"SAN ANTONIO",111,105,86515,53159,61.44,38291,13517,NA,"edmundo"
353,"SAN GABRIEL",53,40,33606,19507,58.05,15591,3529,NA,"edmundo"
354,"SANTA ANA",23,22,17814,10483,58.85,7951,2291,NA,"edmundo"
355,"GUZMAN GUILLERMO",14,12,5602,3629,64.78,2225,1295,NA,"edmundo"
356,"MITARE",2,2,1210,755,62.4,505,229,NA,"edmundo"
357,"SABANETA",10,8,3124,2059,65.91,1270,737,NA,"edmundo"
358,"RIO SECO",4,4,2424,1741,71.82,1015,684,NA,"edmundo"
359,"CABURE",14,13,5745,3621,63.03,1669,1861,NA,"maduro"
360,"CURIMAGUA",7,6,2277,1466,64.38,718,709,NA,"edmundo"
361,"COLINA",8,6,2283,1413,61.89,467,882,NA,"maduro"
362,"TUCACAS",33,32,21710,14096,64.93,10653,3219,NA,"edmundo"
363,"BOCA DE AROA",10,9,5564,3539,63.61,2303,1170,NA,"edmundo"
364,"PUERTO CUMAREBO",30,30,20121,12770,63.47,8472,4020,NA,"edmundo"
365,"LA CIENAGA",2,2,1224,775,63.32,630,132,NA,"edmundo"
366,"LA SOLEDAD",5,5,1779,1105,62.11,705,369,NA,"edmundo"
367,"PUEBLO CUMAREBO",7,7,1876,1523,81.18,656,431,NA,"edmundo"
368,"ZAZARIDA",5,3,537,289,53.82,137,140,NA,"maduro"
369,"CM. DABAJURO",29,29,20186,13822,68.47,11015,2594,NA,"edmundo"
370,"CHICHIRIVICHE",12,11,7874,4833,61.38,3503,1207,NA,"edmundo"
371,"BOCA DE TOCUYO",2,2,1608,1041,64.74,697,311,NA,"edmundo"
372,"TOCUYO DE LA COSTA",14,11,5421,3332,61.46,1913,1347,NA,"edmundo"
373,"LOS TAQUES",28,27,20627,12324,59.75,8344,3667,NA,"edmundo"
374,"JUDIBANA",22,22,18842,10120,53.71,7744,2146,NA,"edmundo"
375,"PIRITU",20,17,5992,3667,61.2,2258,1325,NA,"edmundo"
376,"SAN JOSE DE LA COSTA",9,4,964,622,64.52,507,96,NA,"edmundo"
377,"STA.CRUZ DE BUCARAL",14,12,6381,4198,65.79,2745,1336,NA,"edmundo"
378,"EL CHARAL",9,8,3538,2269,64.13,1232,989,NA,"edmundo"
379,"LAS VEGAS DEL TUY",7,4,1421,1007,70.87,545,445,NA,"edmundo"
380,"CM. MIRIMIRE",19,18,9818,5658,57.63,3792,1763,NA,"edmundo"
381,"JACURA",10,10,5243,3100,59.13,1950,1106,NA,"edmundo"
382,"AGUA LINDA",6,6,1535,987,64.3,574,390,NA,"edmundo"
383,"ARAURIMA",7,7,2998,2110,70.38,1347,723,NA,"edmundo"
384,"CM. YARACAL",16,15,9152,5758,62.92,4279,1369,NA,"edmundo"
385,"CM. PALMASOLA",12,12,4548,3092,67.99,1385,1617,NA,"maduro"
386,"SUCRE",9,9,4299,2725,63.39,1500,1164,NA,"edmundo"
387,"PECAYA",6,4,1158,722,62.35,341,354,NA,"maduro"
388,"URUMACO",11,10,5190,3584,69.06,2220,1282,NA,"edmundo"
389,"BRUZUAL",10,7,1793,1317,73.45,813,490,NA,"edmundo"
390,"CM. TOCOPERO",13,11,5451,3252,59.66,1971,1213,NA,"edmundo"
391,"VALLE DE LA PASCUA",114,107,82162,56204,68.41,39053,15891,NA,"edmundo"
392,"ESPINO",7,3,727,394,54.2,213,168,NA,"edmundo"
393,"EL SOMBRERO",31,29,19317,12848,66.51,7729,4858,NA,"edmundo"
394,"SOSA",3,3,1344,943,70.16,537,387,NA,"edmundo"
395,"CALABOZO",127,111,83693,56019,66.93,35298,19318,NA,"edmundo"
396,"EL CALVARIO",2,2,1170,690,58.97,416,255,NA,"edmundo"
397,"EL RASTRO",4,4,2463,1506,61.14,908,575,NA,"edmundo"
398,"GUARDATINAJAS",5,5,3614,2337,64.67,1274,1028,NA,"edmundo"
399,"ALTAGRACIA DE ORITUCO",56,52,37446,25105,67.04,14890,9682,NA,"edmundo"
400,"LEZAMA",7,6,2826,1911,67.62,1126,738,NA,"edmundo"
402,"SAN FCO DE MACAIRA",5,4,2137,1488,69.63,662,786,NA,"maduro"
403,"SAN RAFAEL DE ORITUCO",5,5,3411,2393,70.16,1397,936,NA,"edmundo"
404,"SOUBLETTE",5,2,1031,657,63.72,362,282,NA,"edmundo"
405,"PASO REAL DE MACAIRA",4,4,3145,2032,64.61,1143,845,NA,"edmundo"
406,"TUCUPIDO",52,50,26534,18385,69.29,11603,6459,NA,"edmundo"
407,"SAN RAFAEL DE LAYA",4,4,2773,1606,57.92,814,773,NA,"edmundo"
408,"PQ.SAN JUAN DE LOS MORROS",128,113,86942,55812,64.19,38625,15914,NA,"edmundo"
409,"PARAPARA",6,5,2316,1490,64.34,705,761,NA,"maduro"
410,"CANTAGALLO",3,3,2138,1604,75.02,916,669,NA,"edmundo"
411,"ZARAZA",69,56,37938,25533,67.3,17662,7354,NA,"edmundo"
412,"SAN JOSE DE UNARE",4,2,1574,1041,66.14,539,475,NA,"edmundo"
413,"CAMAGUAN",23,20,13236,8819,66.63,5389,3189,NA,"edmundo"
415,"UVERITO",3,3,1732,1119,64.61,652,433,NA,"edmundo"
416,"SAN JOSE DE GUARIBE",18,15,6728,4381,65.12,2174,2109,NA,"edmundo"
417,"LAS MERCEDES",22,20,14925,9336,62.55,5800,3289,NA,"edmundo"
418,"STA RITA DE MANAPIRE",2,2,1594,1040,65.24,579,451,NA,"edmundo"
419,"CABRUTA",11,10,6770,4011,59.25,1631,2283,NA,"maduro"
420,"EL SOCORRO",25,25,15144,11058,73.02,7403,3457,NA,"edmundo"
421,"ORTIZ",11,11,8186,5284,64.55,3642,1550,NA,"edmundo"
422,"SAN FCO. DE TIZNADOS",5,3,1735,1128,65.01,622,478,NA,"edmundo"
423,"SAN JOSE DE TIZNADOS",6,6,4054,2746,67.74,1716,973,NA,"edmundo"
424,"S LORENZO DE TIZNADOS",5,2,1548,878,56.72,396,473,NA,"maduro"
425,"SANTA MARIA DE IPIRE",23,22,10667,7011,65.73,4393,2444,NA,"edmundo"
426,"ALTAMIRA",2,1,589,356,60.44,184,166,NA,"edmundo"
427,"CHAGUARAMAS",21,20,10891,7126,65.43,4410,2559,NA,"edmundo"
428,"GUAYABAL",20,18,11088,6882,62.07,3391,3387,NA,"edmundo"
429,"CAZORLA",11,3,1558,817,52.44,418,396,NA,"edmundo"
430,"FREITEZ",41,36,24205,16228,67.04,10704,5138,NA,"edmundo"
431,"JOSE MARIA BLANCO",19,19,13326,9112,68.38,5567,3259,NA,"edmundo"
432,"CATEDRAL",129,93,74221,43637,58.79,33558,9042,NA,"edmundo"
433,"LA CONCEPCION",140,107,85182,51771,60.78,40525,10238,NA,"edmundo"
434,"SANTA ROSA",84,75,60661,34392,56.7,25530,7643,NA,"edmundo"
435,"UNION",140,48,39837,26170,65.69,18191,7231,NA,"edmundo"
436,"EL CUJI",47,21,17099,10590,61.93,7444,2841,NA,"edmundo"
437,"TAMACA",66,38,30920,19857,64.22,12223,6892,NA,"edmundo"
438,"GUERRERA ANA SOTO",331,195,156516,101494,64.85,73309,25218,NA,"edmundo"
440,"BUENA VISTA",14,5,2755,1969,71.47,967,942,NA,"edmundo"
441,"JUAREZ",20,3,2430,1801,74.12,864,877,NA,"maduro"
442,"JUAN B RODRIGUEZ",44,39,31321,22084,70.51,14595,6972,NA,"edmundo"
443,"DIEGO DE LOZADA",10,10,5940,4367,73.52,2838,1418,NA,"edmundo"
444,"SAN MIGUEL",7,7,2842,2138,75.23,957,1134,NA,"maduro"
445,"CUARA",7,6,2993,2232,74.57,1480,700,NA,"edmundo"
446,"PARAISO DE SAN JOSE",2,2,1101,824,74.84,338,459,NA,"maduro"
447,"TINTORERO",16,13,8505,6549,77,4653,1714,NA,"edmundo"
448,"JOSE BERNARDO DORANTE",17,15,8280,6292,75.99,3904,2215,NA,"edmundo"
449,"CRNEL. MARIANO PERAZA",15,13,10186,7474,73.38,5459,1798,NA,"edmundo"
450,"BOLIVAR",81,57,39851,28090,70.49,18384,9145,NA,"edmundo"
451,"ANZOATEGUI",11,11,4295,3062,71.29,1786,1139,NA,"edmundo"
452,"GUARICO",27,17,9270,6454,69.62,3891,2358,NA,"edmundo"
453,"HUMOCARO ALTO",15,15,7349,5469,74.42,2558,2747,NA,"maduro"
454,"HUMOCARO BAJO",21,10,5496,3970,72.23,2426,1448,NA,"edmundo"
455,"MORAN",9,6,2247,1511,67.25,857,607,NA,"edmundo"
456,"HILARIO LUNA Y LUNA",20,10,4848,3347,69.04,1642,1571,NA,"edmundo"
457,"LA CANDELARIA",4,3,873,561,64.26,156,399,NA,"maduro"
458,"CABUDARE",59,13,10670,6364,59.64,4736,1458,NA,"edmundo"
459,"JOSE G. BASTIDAS",74,9,7622,4594,60.27,3401,1092,NA,"edmundo"
460,"AGUA VIVA",16,14,12157,7300,60.05,5246,1833,NA,"edmundo"
461,"TRINIDAD SAMUEL",110,108,79281,53355,67.3,37434,14912,NA,"edmundo"
462,"ANTONIO DIAZ",7,7,3307,2074,62.72,954,1082,NA,"maduro"
463,"CAMACARO",14,13,6920,5049,72.96,2612,2334,NA,"edmundo"
464,"CASTAÑEDA",7,7,2798,2033,72.66,1096,877,NA,"edmundo"
465,"CHIQUINQUIRA",8,8,3692,2437,66.01,1354,1038,NA,"edmundo"
466,"ESPINOZA LOS MONTEROS",11,11,4336,3139,72.39,2022,1024,NA,"edmundo"
467,"LARA",2,1,941,650,69.08,433,206,NA,"edmundo"
468,"MANUEL MORILLO",6,5,2804,1940,69.19,1006,898,NA,"edmundo"
469,"MONTES DE OCA",7,7,2819,1934,68.61,1059,845,NA,"edmundo"
470,"TORRES",2,2,1031,584,56.64,344,226,NA,"edmundo"
471,"EL BLANCO",15,13,6308,4241,67.23,2794,1361,NA,"edmundo"
472,"MONTA¿A VERDE",21,16,7115,5053,71.02,3549,1348,NA,"edmundo"
473,"HERIBERTO ARROYO",1,1,200,125,62.5,64,56,NA,"edmundo"
474,"LAS MERCEDES",13,12,6400,4494,70.22,2526,1829,NA,"edmundo"
475,"CECILIO ZUBILLAGA",7,7,4906,3297,67.2,1919,1335,NA,"edmundo"
476,"REYES VARGAS",5,4,1640,1275,77.74,534,718,NA,"maduro"
477,"ALTAGRACIA",5,4,1160,830,71.55,600,206,NA,"edmundo"
478,"SIQUISIQUE",39,30,16002,10831,67.69,6189,4426,NA,"edmundo"
479,"SAN MIGUEL",24,24,9701,6657,68.62,3107,3433,NA,"maduro"
480,"XAGUAS",9,9,2770,1963,70.87,1376,534,NA,"edmundo"
481,"MOROTURO",33,4,1985,1538,77.48,534,978,NA,"maduro"
482,"PIO TAMAYO",56,51,24499,18918,77.22,12335,6161,NA,"edmundo"
483,"YACAMBU",28,22,5650,4157,73.58,1429,2582,NA,"maduro"
484,"QBDA. HONDA DE GUACHE",13,13,4737,3562,75.2,965,2534,NA,"maduro"
488,"GABRIEL PICON G.",4,4,3222,1925,59.75,1516,376,NA,"edmundo"
489,"HECTOR AMABLE MORA",11,11,7195,4363,60.64,3366,941,NA,"edmundo"
490,"JOSE NUCETE SARDI",3,3,1817,841,46.29,477,350,NA,"edmundo"
491,"PULIDO MENDEZ",25,25,18515,10716,57.88,8475,2051,NA,"edmundo"
492,"PTE. ROMULO GALLEGOS",25,18,14526,8469,58.3,6747,1586,NA,"edmundo"
493,"PRESIDENTE BETANCOURT",21,21,17799,10483,58.9,7919,1888,NA,"edmundo"
494,"PRESIDENTE PAEZ",35,35,28368,16046,56.56,12684,3124,NA,"edmundo"
495,"CM. LA AZULITA",26,26,11451,7409,64.7,5293,2004,NA,"edmundo"
496,"CM. CANAGUA",4,4,2828,2087,73.8,1689,371,NA,"edmundo"
497,"CAPURI",2,2,644,463,71.89,387,67,NA,"edmundo"
498,"CHACANTA",4,4,1501,1059,70.55,617,438,NA,"edmundo"
499,"EL MOLINO",2,2,1498,1052,70.23,811,222,NA,"edmundo"
500,"GUAIMARAL",2,2,610,372,60.98,296,71,NA,"edmundo"
501,"MUCUTUY",6,6,1977,1328,67.17,872,424,NA,"edmundo"
502,"MUCUCHACHI",4,4,1423,866,60.86,521,332,NA,"edmundo"
503,"ACEQUIAS",2,2,619,432,69.79,240,183,NA,"edmundo"
504,"JAJI",6,6,2596,1796,69.18,1240,521,NA,"edmundo"
505,"LA MESA",5,5,3605,2442,67.74,1649,729,NA,"edmundo"
506,"SAN JOSE",3,3,952,691,72.58,526,149,NA,"edmundo"
507,"MONTALBAN",31,31,22540,14275,63.33,11122,2839,NA,"edmundo"
508,"MATRIZ",41,41,33162,21148,63.77,15932,4730,NA,"edmundo"
509,"FERNANDEZ PEÑA",15,15,10387,6704,64.54,5164,1361,NA,"edmundo"
510,"CM. GUARAQUE",7,7,3587,2506,69.86,1888,616,NA,"edmundo"
511,"MESA DE QUINTERO",1,1,879,606,68.94,495,109,NA,"edmundo"
512,"RIO NEGRO",5,5,2686,1912,71.18,1458,454,NA,"edmundo"
513,"CM. ARAPUEY",17,16,10886,6418,58.96,4376,1968,NA,"edmundo"
514,"PALMIRA",4,4,2494,1857,74.46,1277,556,NA,"edmundo"
515,"CM. TORONDOY",8,7,3538,2175,61.48,1444,689,NA,"edmundo"
516,"SAN CRISTOBAL DE T",2,2,1340,946,70.6,529,411,NA,"edmundo"
517,"ARIAS",19,17,12802,7927,61.92,5749,2007,NA,"edmundo"
518,"SAGRARIO",7,7,5520,3246,58.8,2523,650,NA,"edmundo"
519,"MILLA",24,24,18553,11047,59.54,8938,1916,NA,"edmundo"
520,"EL LLANO",16,16,11915,6507,54.61,5471,935,NA,"edmundo"
521,"JUAN RODRIGUEZ SUAREZ",19,19,14863,8139,54.76,6962,1060,NA,"edmundo"
522,"JACINTO PLAZA",28,28,22724,13974,61.49,10520,3146,NA,"edmundo"
523,"DOMINGO PEÑA",24,22,17549,10869,61.94,8547,2097,NA,"edmundo"
524,"GONZALO PICON FEBRES",8,8,5583,3856,69.07,2912,865,NA,"edmundo"
525,"OSUNA RODRIGUEZ",16,16,13899,8796,63.29,6632,1991,NA,"edmundo"
526,"LASSO DE LA VEGA",13,12,9462,5558,58.74,4436,1011,NA,"edmundo"
527,"CARACCIOLO PARRA P",13,13,10948,6077,55.51,5407,587,NA,"edmundo"
528,"MARIANO PICON SALAS",14,14,11848,7051,59.51,5855,1072,NA,"edmundo"
529,"ANTONIO SPINETTI DINI",30,28,22156,12561,56.69,10103,2231,NA,"edmundo"
530,"EL MORRO",5,3,1292,855,66.18,512,326,NA,"edmundo"
532,"CM. TABAY",17,17,13806,9107,65.96,6910,2018,NA,"edmundo"
533,"CM. TIMOTES",18,17,12650,9336,73.8,7245,1925,NA,"edmundo"
534,"ANDRES ELOY BLANCO",2,2,1771,1255,70.86,966,258,NA,"edmundo"
535,"PIÑANGO",4,4,1137,850,74.76,478,360,NA,"edmundo"
536,"LA VENTA",2,2,1216,853,70.15,667,163,NA,"edmundo"
537,"CM. STA CRUZ DE MORA",20,20,13866,9329,67.28,7229,1944,NA,"edmundo"
538,"MESA BOLIVAR",7,7,3674,2347,63.88,1712,597,NA,"edmundo"
539,"MESA DE LAS PALMAS",6,6,1910,1363,71.36,972,365,NA,"edmundo"
540,"CM. STA ELENA DE ARENALES",16,16,11320,6918,61.11,5099,1764,NA,"edmundo"
541,"ELOY PAREDES",10,9,5982,3561,59.53,2314,1202,NA,"edmundo"
542,"SAN RAFAEL DE A.",7,7,4477,2770,61.87,2023,706,NA,"edmundo"
543,"CM. TUCANI",21,21,14837,9653,65.06,7254,2253,NA,"edmundo"
544,"FLORENCIO RAMIREZ",7,7,5247,3365,64.13,2263,1035,NA,"edmundo"
545,"CM. SANTO DOMINGO",6,6,4487,3118,69.49,2526,544,NA,"edmundo"
546,"LAS PIEDRAS",8,8,3603,2568,71.27,2150,368,NA,"edmundo"
547,"CM. PUEBLO LLANO",12,12,8467,6264,73.98,5554,642,NA,"edmundo"
548,"CM. MUCUCHIES",8,8,5952,4691,78.81,3807,800,NA,"edmundo"
549,"MUCURUBA",4,4,2569,1837,71.51,1387,420,NA,"edmundo"
550,"SAN RAFAEL",6,6,2908,2204,75.79,1775,387,NA,"edmundo"
551,"CACUTE",2,2,1056,741,70.17,573,157,NA,"edmundo"
552,"LA TOMA",3,2,859,701,81.61,545,144,NA,"edmundo"
553,"CM. BAILADORES",19,19,11983,8555,71.39,7438,990,NA,"edmundo"
554,"GERONIMO MALDONADO",3,3,2908,1974,67.88,1660,283,NA,"edmundo"
555,"CM. LAGUNILLAS",22,21,15307,10571,69.06,7274,2523,NA,"edmundo"
556,"CHIGUARA",14,13,5841,4159,71.2,3256,847,NA,"edmundo"
557,"ESTANQUES",10,8,2855,1928,67.53,1397,495,NA,"edmundo"
558,"SAN JUAN",14,13,8888,5666,63.75,4038,1471,NA,"edmundo"
559,"PUEBLO NUEVO DEL SUR",10,9,2869,1944,67.76,1315,604,NA,"edmundo"
560,"LA TRAMPA",6,6,1561,1056,67.65,628,403,NA,"edmundo"
561,"EL LLANO",10,10,8560,5577,65.15,4813,699,NA,"edmundo"
562,"TOVAR",24,15,9304,6167,66.28,4853,1223,NA,"edmundo"
563,"EL AMPARO",3,3,1669,1094,65.55,849,230,NA,"edmundo"
564,"SAN FRANCISCO",4,4,1962,1465,74.67,1251,199,NA,"edmundo"
565,"CM. NUEVA BOLIVIA",19,17,12423,7333,59.03,5534,1682,NA,"edmundo"
566,"INDEPENDENCIA",10,10,7066,4640,65.67,2806,1754,NA,"edmundo"
567,"MARIA C PALACIOS",9,5,2513,1595,63.47,963,606,NA,"edmundo"
568,"SANTA APOLONIA",6,5,2149,1382,64.31,1010,349,NA,"edmundo"
569,"CM. STA MARIA DE CAPARO",4,4,2983,1640,54.98,1192,418,NA,"edmundo"
570,"CM. ARICAGUA",5,5,3301,2120,64.22,1392,686,NA,"edmundo"
571,"SAN ANTONIO",1,1,852,533,62.56,325,198,NA,"edmundo"
572,"CM. ZEA",11,11,5971,3851,64.5,3172,640,NA,"edmundo"
573,"CAÑO EL TIGRE",4,4,2513,1528,60.8,1214,304,NA,"edmundo"
574,"CAUCAGUA",32,13,9563,6234,65.19,3662,2404,NA,"edmundo"
575,"ARAGUITA",9,4,2644,1795,67.89,538,1193,NA,"maduro"
576,"AREVALO GONZALEZ",11,4,1035,754,72.85,204,526,NA,"maduro"
577,"CAPAYA",17,8,3743,2559,68.37,1091,1400,NA,"maduro"
578,"PANAQUIRE",12,6,2925,2000,68.38,797,1161,NA,"maduro"
579,"RIBAS",18,6,2394,1572,65.66,691,848,NA,"maduro"
580,"EL CAFE",9,2,1408,904,64.2,334,540,NA,"maduro"
581,"MARIZAPA",12,10,8015,5754,71.79,2214,3388,NA,"maduro"
582,"HIGUEROTE",39,16,11246,7225,64.25,4140,2820,NA,"edmundo"
583,"CURIEPE",14,5,2665,1871,70.21,978,827,NA,"edmundo"
584,"TACARIGUA",21,8,5648,3722,65.9,2104,1502,NA,"edmundo"
585,"LOS TEQUES",212,185,148897,92993,62.45,63916,25175,NA,"edmundo"
586,"CECILIO ACOSTA",19,12,10060,6230,61.93,4547,1459,NA,"edmundo"
587,"PARACOTOS",15,11,7874,5513,70.02,3810,1543,NA,"edmundo"
588,"SAN PEDRO",11,11,9012,5915,65.63,4368,1364,NA,"edmundo"
589,"TACATA",4,3,2408,1746,72.51,889,807,NA,"edmundo"
590,"EL JARILLO",3,3,2420,1778,73.47,1374,359,NA,"edmundo"
591,"ALTAGRACIA DE LA M",6,5,2483,1738,70,801,861,NA,"maduro"
592,"STA TERESA DEL TUY",72,65,47854,29693,62.05,15396,13177,NA,"edmundo"
593,"EL CARTANAL",70,59,45222,28043,62.01,14913,12076,NA,"edmundo"
594,"OCUMARE DEL TUY",128,109,84775,54410,64.18,25417,26945,NA,"maduro"
595,"LA DEMOCRACIA",4,3,922,606,65.73,156,423,NA,"maduro"
596,"SANTA BARBARA",18,13,10094,6395,63.35,3020,3122,NA,"maduro"
597,"RIO CHICO",24,23,16270,10643,65.41,4610,5718,NA,"maduro"
598,"EL GUAPO",15,12,6098,4163,68.27,1457,2584,NA,"maduro"
599,"PQ.TACARIGUA DE LA LAGUNA",6,6,3727,2506,67.24,1250,1198,NA,"edmundo"
600,"PAPARO",2,2,1254,831,66.27,356,463,NA,"maduro"
601,"SN FERNANDO DEL GUAPO",3,3,2630,1711,65.06,720,940,NA,"maduro"
602,"SANTA LUCIA",116,88,61316,37088,60.49,19060,16639,NA,"edmundo"
603,"GUARENAS",212,24,21561,11759,54.54,9204,2272,NA,"edmundo"
604,"PETARE",416,288,238877,130932,54.81,90742,36095,NA,"edmundo"
605,"LEONCIO MARTINEZ",74,71,59448,26592,44.73,21165,4857,NA,"edmundo"
607,"FILAS DE MARICHE",36,10,8533,5400,63.28,3164,2051,NA,"edmundo"
608,"LA DOLORITA",34,30,24265,15559,64.12,9838,5131,NA,"edmundo"
609,"CUA",111,83,57394,35593,62.02,21728,12564,NA,"edmundo"
610,"NUEVA CUA",53,28,15107,9380,62.09,4582,4455,NA,"edmundo"
611,"GUATIRE",157,145,116817,71819,61.48,47707,21764,NA,"edmundo"
612,"BOLIVAR",32,26,15823,10681,67.5,5107,5077,NA,"edmundo"
613,"CHARALLAVE",116,103,77613,47341,61,29711,16012,NA,"edmundo"
614,"LAS BRISAS",17,16,11796,7533,63.86,4172,3067,NA,"edmundo"
615,"SAN ANTONIO LOS ALTOS",71,68,57959,30131,51.99,24537,4916,NA,"edmundo"
616,"PQ.SAN JOSE DE BARLOVENTO",31,24,14235,9530,66.95,3862,5375,NA,"maduro"
617,"CUMBO",3,2,1017,693,68.14,365,305,NA,"edmundo"
618,"SAN FCO DE YARE",36,29,21017,13521,64.33,6739,6320,NA,"edmundo"
619,"S ANTONIO DE YARE",23,19,8095,5424,67,2066,3160,NA,"maduro"
620,"BARUTA",185,176,150436,70374,46.78,58841,10055,NA,"edmundo"
621,"EL CAFETAL",52,51,42496,17798,41.88,16271,1317,NA,"edmundo"
622,"LAS MINAS DE BARUTA",46,42,37346,19258,51.57,14802,3926,NA,"edmundo"
623,"CARRIZAL",55,53,41761,24881,59.58,18815,5378,NA,"edmundo"
624,"CHACAO",100,97,84199,38267,45.45,32325,5143,NA,"edmundo"
625,"EL HATILLO",71,70,59923,32048,53.48,26704,4617,NA,"edmundo"
626,"MAMPORAL",31,30,18674,12611,67.53,5552,6664,NA,"maduro"
627,"CUPIRA",28,19,11725,7633,65.1,3343,4076,NA,"maduro"
628,"MACHURUCUTO",2,2,1074,677,63.04,351,304,NA,"edmundo"
629,"CM. SAN ANTONIO",18,17,10508,7342,69.87,4600,2621,NA,"edmundo"
630,"SAN FRANCISCO",10,8,4826,3319,68.77,1675,1602,NA,"edmundo"
631,"CM. CARIPITO",52,49,28495,17052,59.84,9096,7652,NA,"edmundo"
632,"CM. CARIPE",13,8,6803,4435,65.19,2571,1782,NA,"edmundo"
633,"TERESEN",14,10,5163,3342,64.73,1363,1921,NA,"maduro"
634,"EL GUACHARO",5,5,3893,2471,63.47,1379,1048,NA,"edmundo"
635,"SAN AGUSTIN",4,4,2955,1842,62.34,919,882,NA,"edmundo"
636,"LA GUANOTA",6,2,1159,745,64.28,399,329,NA,"edmundo"
637,"SABANA DE PIEDRA",3,2,1624,977,60.16,507,448,NA,"edmundo"
638,"CM. CAICARA",22,20,15941,10624,66.65,5937,4483,NA,"edmundo"
639,"AREO",13,7,3499,2513,71.82,831,1632,NA,"maduro"
640,"SAN FELIX",8,8,4026,2766,68.7,1466,1272,NA,"edmundo"
641,"VIENTO FRESCO",5,5,3025,2036,67.31,1016,989,NA,"edmundo"
642,"CM. PUNTA DE MATA",51,50,38267,24408,63.78,12983,10785,NA,"edmundo"
643,"EL TEJERO",10,10,8147,5174,63.51,2828,2212,NA,"edmundo"
644,"CM. TEMBLADOR",34,27,21764,11932,54.82,6817,4845,NA,"edmundo"
645,"TABASCA",7,2,362,194,53.59,41,148,NA,"maduro"
646,"LAS ALHUACAS",2,2,1040,649,62.4,298,340,NA,"maduro"
647,"CHAGUARAMAS",7,2,1022,609,59.59,236,351,NA,"maduro"
649,"JUSEPIN",13,11,8512,5598,65.77,2753,2713,NA,"edmundo"
650,"EL COROZO",7,3,2606,1437,55.14,944,466,NA,"edmundo"
651,"SAN VICENTE",13,8,5163,3124,60.51,1762,1277,NA,"edmundo"
652,"LA PICA",17,10,6896,4126,59.83,2146,1860,NA,"edmundo"
653,"ALTOS DE LOS GODOS",127,92,75221,45177,60.06,29658,14519,NA,"edmundo"
654,"BOQUERON",60,41,31982,18944,59.23,12446,6086,NA,"edmundo"
655,"LAS COCUIZAS",85,72,54943,31924,58.1,19952,11203,NA,"edmundo"
656,"SANTA CRUZ",40,35,29341,18511,63.09,12715,5409,NA,"edmundo"
657,"SAN SIMON",111,98,76574,44970,58.73,32099,11963,NA,"edmundo"
658,"C.M. MATURIN",36,13,7213,4427,61.38,2369,1949,NA,"edmundo"
659,"CM. ARAGUA",10,10,7789,4989,64.05,2574,2330,NA,"edmundo"
660,"CHAGUARAMAL",12,10,5952,3502,58.84,2083,1346,NA,"edmundo"
661,"GUANAGUANA",9,9,4233,2786,65.82,1434,1298,NA,"edmundo"
662,"APARICIO",6,6,3304,2185,66.13,1198,952,NA,"edmundo"
663,"TAGUAYA",5,5,2736,1801,65.83,1020,743,NA,"edmundo"
664,"EL PINTO",5,4,2574,1630,63.33,700,862,NA,"maduro"
665,"LA TOSCANA",12,10,6762,4134,61.14,2634,1405,NA,"edmundo"
666,"CM. QUIRIQUIRE",25,13,6873,3987,58.01,2322,1574,NA,"edmundo"
667,"CACHIPO",18,18,10910,6748,61.85,3809,2796,NA,"edmundo"
668,"CM. BARRANCAS",24,13,10286,5423,52.72,2914,2417,NA,"edmundo"
670,"CM. AGUASAY",21,15,9064,6071,66.98,3376,2550,NA,"edmundo"
671,"CM. SANTA BARBARA",14,14,8871,5204,58.66,2998,2120,NA,"edmundo"
672,"CM. URACOA",19,19,8743,5120,58.56,2821,2184,NA,"edmundo"
673,"CM. LA ASUNCION",33,32,24270,15481,63.79,11264,3770,NA,"edmundo"
674,"CM. SAN JUAN BAUTISTA",46,46,33463,21419,64.01,14278,6530,NA,"edmundo"
675,"ZABALA",24,23,16786,10366,61.75,5991,3978,NA,"edmundo"
676,"CM. SANTA ANA",18,18,12380,8176,66.04,5323,2645,NA,"edmundo"
677,"GUEVARA",6,6,4108,2985,72.66,2127,800,NA,"edmundo"
678,"MATASIETE",6,6,3643,2501,68.65,1718,730,NA,"edmundo"
679,"BOLIVAR",3,3,1860,1325,71.24,936,371,NA,"edmundo"
680,"SUCRE",13,13,8118,5271,64.93,3581,1547,NA,"edmundo"
681,"CM. PAMPATAR",28,27,19437,11424,58.77,8378,2813,NA,"edmundo"
682,"AGUIRRE",25,24,20210,10541,52.16,8774,1587,NA,"edmundo"
683,"CM. JUAN GRIEGO",24,22,16263,10165,62.5,6232,3669,NA,"edmundo"
684,"ADRIAN",15,14,12060,8086,67.05,5034,2855,NA,"edmundo"
685,"CM. PORLAMAR",117,107,82686,47323,57.23,30998,14875,NA,"edmundo"
686,"CM. BOCA DEL RIO",13,13,9343,6550,70.11,4488,1901,NA,"edmundo"
687,"SAN FRANCISCO",21,20,11364,7600,66.88,5085,2374,NA,"edmundo"
688,"CM. SAN PEDRO DE COCHE",6,5,4182,2772,66.28,1480,1224,NA,"edmundo"
689,"VICENTE FUENTES",5,2,1065,769,72.21,368,372,NA,"maduro"
690,"CM. PUNTA DE PIEDRAS",28,25,16478,10681,64.82,6773,3618,NA,"edmundo"
691,"LOS BARALES",11,11,6947,4725,68.01,3086,1519,NA,"edmundo"
692,"CM.LA PLAZA DE PARAGUACHI",34,32,22525,14416,64,8857,5297,NA,"edmundo"
693,"CM. VALLE ESP SANTO",15,14,9972,6364,63.82,4227,1695,NA,"edmundo"
694,"FRANCISCO FAJARDO",48,44,32719,19617,59.96,12666,6436,NA,"edmundo"
695,"CM. ARAURE",135,106,83226,55615,66.82,36768,17031,NA,"edmundo"
696,"RIO ACARIGUA",17,13,9106,6924,76.04,2903,3877,NA,"maduro"
697,"CM. PIRITU",45,39,25673,18631,72.57,11101,7043,NA,"edmundo"
698,"UVERAL",16,11,3297,2524,76.55,1032,1407,NA,"maduro"
699,"CM. GUANARE",184,176,124055,79796,64.32,58042,19955,NA,"edmundo"
700,"CORDOBA",6,6,2333,1601,68.62,868,705,NA,"edmundo"
701,"PQ.SAN JUAN GUANAGUANARE",20,20,12628,8481,67.16,5664,2646,NA,"edmundo"
702,"VIRGEN DE LA COROMOTO",16,16,8110,5560,68.56,3592,1851,NA,"edmundo"
703,"PQ.SAN JOSE DE LA MONTAÑA",3,3,1689,1127,66.73,588,505,NA,"edmundo"
704,"CM. GUANARITO",37,33,21354,14446,67.65,9543,4631,NA,"edmundo"
705,"PQ.TRINIDAD DE LA CAPILLA",7,6,2617,1737,66.37,751,908,NA,"maduro"
706,"DIVINA PASTORA",10,7,3281,2300,70.1,1463,778,NA,"edmundo"
707,"CM. OSPINO",49,46,22701,15678,69.06,9937,5389,NA,"edmundo"
708,"LA APARICION",19,17,8072,5903,73.13,2939,2826,NA,"edmundo"
709,"LA ESTACION",29,22,6892,5072,73.59,2499,2428,NA,"edmundo"
710,"CM. ACARIGUA",144,141,113906,76211,66.91,50328,22799,NA,"edmundo"
711,"PAYARA",13,12,7558,5311,70.27,2250,2924,NA,"maduro"
712,"PIMPINELA",7,7,4042,2855,70.63,1296,1480,NA,"maduro"
713,"RAMON PERAZA",6,6,4412,3272,74.16,1674,1495,NA,"edmundo"
714,"CM. BISCUCUY",29,29,19792,14212,71.81,9560,4451,NA,"edmundo"
715,"CONCEPCION",7,7,3433,2618,76.26,1128,1461,NA,"maduro"
716,"PQ.SAN RAFAEL PALO ALZADO",6,6,2826,2123,75.12,1064,1019,NA,"edmundo"
717,"UVENCIO A VELASQUEZ",10,10,5415,3794,70.06,2028,1736,NA,"edmundo"
718,"SAN JOSE DE SAGUAZ",4,4,1803,1326,73.54,682,635,NA,"edmundo"
719,"VILLA ROSA",11,10,4439,3330,75.02,1764,1516,NA,"edmundo"
720,"CM. VILLA BRUZUAL",52,44,33021,23104,69.97,15850,6660,NA,"edmundo"
721,"CANELONES",10,9,5813,4248,73.08,2572,1585,NA,"edmundo"
722,"SANTA CRUZ",9,6,2799,2083,74.42,919,1046,NA,"maduro"
723,"SAN ISIDRO LABRADOR",9,7,3351,2558,76.34,1712,771,NA,"edmundo"
724,"CM. CHABASQUEN",33,31,17059,12884,75.53,8086,4541,NA,"edmundo"
725,"PEÑA BLANCA",7,7,3221,2404,74.64,1197,1159,NA,"edmundo"
726,"CM. AGUA BLANCA",28,21,13703,10156,74.12,5719,3596,NA,"edmundo"
727,"CM. PAPELON",8,7,4754,3121,65.65,2222,817,NA,"edmundo"
728,"CAÑO DELGADITO",16,16,7937,5493,69.21,2741,2606,NA,"edmundo"
729,"CM. BOCONOITO",19,18,12147,7964,65.56,5029,2744,NA,"edmundo"
730,"ANTOLIN TOVAR AQUINO",13,12,6731,5000,74.28,2909,1994,NA,"edmundo"
731,"CM. SAN RAFAEL DE ONOTO",16,16,11426,7677,67.19,4228,3274,NA,"edmundo"
732,"SANTA FE",2,2,1020,855,83.82,513,321,NA,"edmundo"
733,"THERMO MORALES",3,3,1819,1330,73.12,764,527,NA,"edmundo"
734,"CM. EL PLAYON",20,20,11216,8484,75.64,5288,3011,NA,"edmundo"
735,"FLORIDA",7,7,3125,2332,74.62,1239,1032,NA,"edmundo"
736,"RIO CARIBE",41,38,17629,11674,66.22,5073,6375,NA,"maduro"
737,"SAN JUAN DE LAS GALDO",9,8,3271,1839,56.22,866,953,NA,"maduro"
738,"PUERTO SANTO",8,6,3255,2285,70.2,1241,1002,NA,"edmundo"
739,"EL MORRO DE PTO SANTO",7,7,6179,3819,61.81,2017,1743,NA,"edmundo"
740,"ANTONIO JOSE DE SUCRE",5,4,1927,904,46.91,577,314,NA,"edmundo"
741,"EL PILAR",35,18,8769,5709,65.1,2685,2913,NA,"maduro"
742,"EL RINCON",4,2,1688,1117,66.17,543,557,NA,"maduro"
743,"GUARAUNOS",2,2,1674,1066,63.68,561,491,NA,"edmundo"
744,"TUNAPUICITO",6,4,1686,1119,66.37,397,698,NA,"maduro"
745,"UNION",7,5,2214,1444,65.22,475,954,NA,"maduro"
746,"GRAL FCO. A VASQUEZ",2,2,1740,1115,64.08,553,542,NA,"edmundo"
747,"SANTA CATALINA",62,58,47546,30356,63.85,17790,11867,NA,"edmundo"
748,"SANTA ROSA",30,28,20885,13322,63.79,7859,5172,NA,"edmundo"
749,"SANTA TERESA",5,5,3967,2582,65.09,1636,893,NA,"edmundo"
750,"BOLIVAR",36,35,25872,17208,66.51,9426,7361,NA,"edmundo"
751,"MACARAPANA",8,6,3851,2543,66.03,1406,1101,NA,"edmundo"
752,"YAGUARAPARO",19,18,9169,5742,62.62,2400,3224,NA,"maduro"
753,"LIBERTAD",15,15,4996,3107,62.19,1125,1930,NA,"maduro"
754,"PAUJIL",8,6,2833,1735,61.24,526,1179,NA,"maduro"
755,"IRAPA",16,16,9715,5993,61.69,2223,3664,NA,"maduro"
756,"CAMPO CLARO",6,6,3517,2157,61.33,831,1283,NA,"maduro"
757,"SORO",3,3,1626,938,57.69,210,716,NA,"maduro"
758,"SAN ANTONIO DE IRAPA",4,4,1837,994,54.11,300,680,NA,"maduro"
759,"MARABAL",4,4,2032,1231,60.58,513,700,NA,"maduro"
760,"CM. SAN ANT DEL GOLFO",24,23,13458,9039,67.16,5785,3082,NA,"edmundo"
761,"CUMANACOA",22,21,17434,11602,66.55,4625,6742,NA,"maduro"
762,"ARENAS",8,8,5069,3455,68.16,1100,2296,NA,"maduro"
763,"ARICAGUA",13,13,6497,4150,63.88,1420,2632,NA,"maduro"
764,"COCOLLAR",10,9,5077,3268,64.37,1419,1774,NA,"maduro"
765,"SAN FERNANDO",8,8,5336,3551,66.55,900,2577,NA,"maduro"
766,"SAN LORENZO",9,8,5046,3170,62.82,1044,2069,NA,"maduro"
767,"CARIACO",42,41,24763,16241,65.59,7067,8828,NA,"maduro"
768,"CATUARO",18,16,6959,4108,59.03,1631,2397,NA,"maduro"
769,"RENDON",8,8,4131,2398,58.05,1028,1324,NA,"maduro"
770,"SANTA CRUZ",4,4,1976,1159,58.65,400,743,NA,"maduro"
771,"SANTA MARIA",11,11,5334,3095,58.02,1317,1699,NA,"maduro"
772,"ALTAGRACIA",139,132,104434,66898,64.06,38047,26873,NA,"edmundo"
773,"AYACUCHO",49,41,29841,18464,61.87,10008,7913,NA,"edmundo"
774,"SANTA INES",77,71,55755,36051,64.66,21049,13924,NA,"edmundo"
775,"VALENTIN VALIENTE",57,56,44180,28116,63.64,17072,10354,NA,"edmundo"
776,"SAN JUAN",21,20,11039,7107,64.38,2616,4257,NA,"maduro"
777,"PQ.GRAN MARISCAL",13,11,6334,4198,66.28,2121,1892,NA,"edmundo"
778,"RAUL LEONI",18,18,11855,7439,62.75,3603,3609,NA,"maduro"
779,"GUIRIA",31,30,21560,11696,54.25,4544,6861,NA,"maduro"
780,"CRISTOBAL COLON",3,2,1199,561,46.79,97,456,NA,"maduro"
781,"PUNTA DE PIEDRAS",8,5,2854,1588,55.64,532,1027,NA,"maduro"
782,"BIDEAU",4,3,1470,765,52.04,282,475,NA,"maduro"
783,"MARIÑO",20,19,15008,9772,65.11,5359,4202,NA,"edmundo"
784,"ROMULO GALLEGOS",11,11,6263,3608,57.61,1801,1740,NA,"edmundo"
785,"TUNAPUY",14,14,8092,5382,66.51,2071,3232,NA,"maduro"
786,"CAMPO ELIAS",3,3,1266,818,64.61,196,613,NA,"maduro"
787,"SAN JOSE DE AEROCUAR",29,22,10180,7130,70.04,3369,3618,NA,"maduro"
788,"TAVERA ACOSTA",21,20,8268,5329,64.45,2103,3152,NA,"maduro"
789,"CM. MARIGUITAR",30,28,17606,12695,72.11,4423,8049,NA,"maduro"
790,"ARAYA",21,21,15843,10216,64.48,4400,5596,NA,"maduro"
791,"MANICUARE",10,10,5993,4257,71.03,2044,2126,NA,"maduro"
792,"CHACOPATA",9,9,6491,4437,68.36,1741,2617,NA,"maduro"
793,"CM. COLON",49,46,32218,19985,62.03,16579,3050,NA,"edmundo"
794,"RIVAS BERTI",7,7,3699,2276,61.53,1808,430,NA,"edmundo"
795,"SAN PEDRO DEL RIO",6,6,2054,1350,65.73,1070,251,NA,"edmundo"
796,"CM. SAN ANT DEL TACHIRA",52,50,42124,15966,37.9,13126,2545,NA,"edmundo"
797,"PALOTAL",8,8,5483,2812,51.29,2290,479,NA,"edmundo"
798,"JUAN VICENTE GOMEZ",2,2,1135,717,63.17,620,88,NA,"edmundo"
799,"ISAIAS MEDINA ANGARIT",2,2,1264,741,58.62,522,195,NA,"edmundo"
800,"CM. CAPACHO NUEVO",28,28,16094,9696,60.25,7982,1508,NA,"edmundo"
801,"JUAN GERMAN ROSCIO",11,11,6856,4246,61.93,3363,798,NA,"edmundo"
802,"ROMAN CARDENAS",3,3,2117,1353,63.91,1098,223,NA,"edmundo"
803,"CM. TARIBA",80,79,59954,35464,59.15,29635,5218,NA,"edmundo"
805,"AMENODORO RANGEL LAMU",18,18,14441,7852,54.37,6458,1237,NA,"edmundo"
806,"CM. LA GRITA",39,39,25093,18380,73.25,15531,2566,NA,"edmundo"
807,"EMILIO C. GUERRERO",3,3,1391,996,71.6,883,100,NA,"edmundo"
808,"MONS. MIGUEL A SALAS",3,3,1825,1348,73.86,1105,222,NA,"edmundo"
809,"CM. RUBIO",47,45,35278,20142,57.1,16454,3300,NA,"edmundo"
810,"BRAMON",27,27,20358,12087,59.37,9387,2414,NA,"edmundo"
811,"LA PETROLEA",3,1,509,295,57.96,177,111,NA,"edmundo"
812,"QUINIMARI",2,2,1097,663,60.44,489,152,NA,"edmundo"
813,"CM. LOBATERA",9,9,5775,3688,63.86,2593,1004,NA,"edmundo"
814,"CONSTITUCION",9,9,4607,3103,67.35,2345,695,NA,"edmundo"
815,"LA CONCORDIA",98,94,72787,40569,55.74,33360,6456,NA,"edmundo"
816,"PEDRO MARIA MORANTES",63,62,49089,27203,55.42,23564,3222,NA,"edmundo"
817,"SN JUAN BAUTISTA",86,86,73101,41000,56.09,34400,5918,NA,"edmundo"
818,"SAN SEBASTIAN",22,20,13736,7564,55.07,5887,1535,NA,"edmundo"
819,"DR. FCO. ROMERO LOBO",2,2,982,625,63.65,469,138,NA,"edmundo"
820,"CM. PREGONERO",23,22,9128,5789,63.42,4701,1028,NA,"edmundo"
821,"CARDENAS",9,8,2242,1434,63.96,1153,266,NA,"edmundo"
822,"POTOSI",6,6,1485,779,52.46,616,149,NA,"edmundo"
823,"JUAN PABLO PEÑALOZA",5,5,1692,1043,61.64,878,150,NA,"edmundo"
824,"CM. STA. ANA  DEL TACHIRA",33,31,21272,12463,58.59,9679,2504,NA,"edmundo"
825,"CM. LA FRIA",46,45,31556,17396,55.13,13640,3436,NA,"edmundo"
826,"BOCA DE GRITA",4,4,3183,778,24.44,545,208,NA,"edmundo"
827,"JOSE ANTONIO PAEZ",8,8,3795,1995,52.57,1437,513,NA,"edmundo"
828,"CM. PALMIRA",39,39,31733,19988,62.99,16689,2960,NA,"edmundo"
829,"CM. MICHELENA",24,22,14175,9036,63.75,6834,1991,NA,"edmundo"
830,"CM. ABEJALES",11,11,7036,4165,59.2,3351,736,NA,"edmundo"
831,"SAN JOAQUIN DE NAVAY",5,5,2113,1329,62.9,1103,200,NA,"edmundo"
832,"DORADAS",5,5,3154,1890,59.92,1545,304,NA,"edmundo"
833,"EMETERIO OCHOA",8,8,4235,2755,65.05,2213,487,NA,"edmundo"
834,"CM. COLONCITO",23,23,16847,10691,63.46,8854,1637,NA,"edmundo"
835,"LA PALMITA",9,8,3802,2346,61.7,1832,476,NA,"edmundo"
836,"CM. UREÑA",34,32,27435,11321,41.26,9277,1837,NA,"edmundo"
837,"NUEVA ARCADIA",11,11,8256,3160,38.28,2565,526,NA,"edmundo"
838,"CM. QUENIQUEA",11,11,4030,2661,66.03,2124,500,NA,"edmundo"
839,"SAN PABLO",7,7,1542,970,62.91,693,266,NA,"edmundo"
840,"PQ.ELEAZAR LOPEZ CONTRERA",1,1,358,233,65.08,219,13,NA,"edmundo"
841,"CM. CORDERO",27,27,18456,11608,62.9,9853,1573,NA,"edmundo"
842,"CM.SAN RAFAEL DEL PIÑAL",19,19,12380,7533,60.85,6201,1209,NA,"edmundo"
843,"SANTO DOMINGO",13,13,7534,4386,58.22,3330,970,NA,"edmundo"
844,"ALBERTO ADRIANI",16,16,11063,6845,61.87,5337,1355,NA,"edmundo"
845,"CM. CAPACHO VIEJO",17,17,9547,5923,62.04,4750,1060,NA,"edmundo"
846,"CIPRIANO CASTRO",7,7,2798,1908,68.19,1636,242,NA,"edmundo"
847,"MANUEL FELIPE RUGELES",10,10,6511,4001,61.45,3142,782,NA,"edmundo"
848,"CM. LA TENDIDA",11,11,6922,4289,61.96,3546,669,NA,"edmundo"
849,"BOCONO",6,6,3042,1680,55.23,1242,410,NA,"edmundo"
850,"HERNANDEZ",6,5,1833,1202,65.58,966,213,NA,"edmundo"
851,"CM. SEBORUCO",18,18,8261,5989,72.5,5250,648,NA,"edmundo"
852,"CM. LAS MESAS",12,11,7847,4671,59.53,3805,757,NA,"edmundo"
853,"CM. SAN JOSE DE BOLIVAR",9,8,4047,2602,64.29,2204,330,NA,"edmundo"
854,"CM. EL COBRE",16,15,7962,5854,73.52,5263,511,NA,"edmundo"
855,"CM. DELICIAS",14,12,4823,3094,64.15,2394,626,NA,"edmundo"
856,"CM. SAN SIMON",4,4,2729,1982,72.63,1677,260,NA,"edmundo"
857,"CM. SAN JOSECITO",44,44,31585,16542,52.37,13087,3024,NA,"edmundo"
858,"CM. UMUQUENA",13,13,7231,4748,65.66,3991,704,NA,"edmundo"
859,"BETIJOQUE",6,6,4292,2464,57.41,1740,683,NA,"edmundo"
860,"JOSE G HERNANDEZ",6,6,4969,2923,58.82,1972,917,NA,"edmundo"
861,"LA PUEBLITA",7,7,5145,3054,59.36,2147,860,NA,"edmundo"
862,"EL CEDRO",5,5,3448,1934,56.09,1236,665,NA,"edmundo"
863,"BOCONO",32,29,17656,11629,65.86,8031,3324,NA,"edmundo"
864,"EL CARMEN",28,28,20688,13920,67.29,9549,4087,NA,"edmundo"
865,"MOSQUEY",6,6,4169,2842,68.17,1663,1090,NA,"edmundo"
866,"AYACUCHO",8,7,2600,1591,61.19,834,721,NA,"edmundo"
867,"BURBUSAY",8,7,2981,2057,69,1320,695,NA,"edmundo"
868,"GENERAL RIVAS",12,12,3161,2020,63.9,1616,352,NA,"edmundo"
869,"MONSEÑOR JAUREGUI",13,9,3471,2225,64.1,1330,853,NA,"edmundo"
870,"RAFAEL RANGEL",11,9,3099,2190,70.67,1015,1112,NA,"maduro"
871,"SAN JOSE",14,7,2599,1692,65.1,786,867,NA,"maduro"
872,"SAN MIGUEL",10,8,2738,1814,66.25,784,993,NA,"maduro"
873,"GUARAMACAL",7,2,565,415,73.45,121,283,NA,"maduro"
874,"LA VEGA DE GUARAMACAL",4,4,1545,1219,78.9,503,692,NA,"maduro"
875,"CARACHE",25,22,8982,6181,68.82,3753,2335,NA,"edmundo"
876,"LA CONCEPCION",15,15,4231,3070,72.56,1484,1540,NA,"maduro"
877,"CUICAS",19,19,4962,3201,64.51,1376,1775,NA,"maduro"
878,"PANAMERICANA",6,6,1866,1298,69.56,655,635,NA,"edmundo"
879,"SANTA CRUZ",5,4,2005,1364,68.03,772,571,NA,"edmundo"
880,"ESCUQUE",23,19,11124,6982,62.77,4386,2462,NA,"edmundo"
881,"SABANA LIBRE",8,8,5664,3391,59.87,2214,1125,NA,"edmundo"
882,"LA UNION",5,5,2444,1488,60.88,950,508,NA,"edmundo"
883,"SANTA RITA",5,5,2710,1651,60.92,1003,615,NA,"edmundo"
884,"CRISTOBAL MENDOZA",20,12,9851,6471,65.69,4268,2090,NA,"edmundo"
885,"CHIQUINQUIRA",12,10,7552,5074,67.19,3102,1885,NA,"edmundo"
886,"MATRIZ",11,9,7383,4923,66.68,3654,1202,NA,"edmundo"
887,"MONSEÑOR CARRILLO",13,11,6917,4716,68.18,2655,1946,NA,"edmundo"
888,"CRUZ CARRILLO",9,7,2841,1913,67.34,1165,716,NA,"edmundo"
889,"ANDRES LINARES",9,8,2741,1793,65.41,1098,664,NA,"edmundo"
890,"TRES ESQUINAS",6,5,3799,2577,67.83,1591,946,NA,"edmundo"
891,"LA QUEBRADA",13,13,5833,3849,65.99,2733,1049,NA,"edmundo"
892,"JAJO",12,12,5300,3671,69.26,2835,793,NA,"edmundo"
893,"LA MESA",8,8,6097,4191,68.74,3165,937,NA,"edmundo"
894,"SANTIAGO",9,9,3646,2358,64.67,1265,1071,NA,"edmundo"
895,"CABIMBU",4,4,2113,1457,68.95,1166,289,NA,"edmundo"
896,"TUÑAME",7,7,3569,2469,69.18,1866,586,NA,"edmundo"
897,"MERCEDES DIAZ",64,64,45245,27289,60.31,18693,8074,NA,"edmundo"
898,"JUAN IGNACIO MONTILLA",35,34,27276,15653,57.39,11800,3601,NA,"edmundo"
899,"LA BEATRIZ",11,9,7765,4740,61.04,3721,952,NA,"edmundo"
900,"MENDOZA",12,10,7030,4523,64.34,3256,1193,NA,"edmundo"
901,"LA PUERTA",13,13,8394,5545,66.06,4147,1287,NA,"edmundo"
902,"SAN LUIS",20,19,12739,7564,59.38,5029,2392,NA,"edmundo"
903,"CHEJENDE",22,21,9166,5869,64.03,3090,2681,NA,"edmundo"
904,"CARRILLO",5,5,1889,1140,60.35,436,695,NA,"maduro"
905,"CEGARRA",1,1,834,484,58.03,281,195,NA,"edmundo"
906,"BOLIVIA",11,11,2354,1597,67.84,636,948,NA,"maduro"
907,"MANUEL SALVADOR ULLOA",3,3,1713,1079,62.99,598,463,NA,"edmundo"
908,"SAN JOSE",4,4,2969,1934,65.14,993,911,NA,"edmundo"
909,"ARNOLDO GABALDON",5,5,2488,1622,65.19,946,661,NA,"edmundo"
910,"EL DIVIDIVE",13,13,8812,5275,59.86,3519,1700,NA,"edmundo"
911,"AGUA CALIENTE",2,2,1285,793,61.71,429,347,NA,"edmundo"
912,"EL CENIZO",2,2,2012,1188,59.05,651,521,NA,"edmundo"
913,"AGUA SANTA",6,6,3830,2199,57.42,1319,842,NA,"edmundo"
914,"VALERITA",1,1,624,408,65.38,244,160,NA,"edmundo"
915,"MONTE CARMELO",13,13,5983,3872,64.72,2267,1541,NA,"edmundo"
916,"BUENA VISTA",11,11,5502,3626,65.9,2252,1316,NA,"edmundo"
917,"STA MARIA DEL HORCON",3,3,1218,824,67.65,389,421,NA,"maduro"
918,"MOTATAN",12,12,9535,5784,60.66,3657,2046,NA,"edmundo"
919,"EL BAÑO",3,3,1880,1222,65,709,500,NA,"edmundo"
920,"JALISCO",8,8,4826,3079,63.8,1816,1219,NA,"edmundo"
921,"PAMPAN",11,11,7008,4696,67.01,3132,1478,NA,"edmundo"
922,"SANTA ANA",15,13,5893,4172,70.8,2003,2098,NA,"maduro"
923,"LA PAZ",22,20,14446,9227,63.87,5394,3690,NA,"edmundo"
924,"FLOR DE PATRIA",18,15,10715,7022,65.53,4298,2602,NA,"edmundo"
925,"CARVAJAL",13,13,10178,6117,60.1,4530,1518,NA,"edmundo"
926,"ANTONIO N BRICEÑO",11,11,8480,4846,57.15,3384,1407,NA,"edmundo"
927,"CAMPO ALEGRE",20,20,15622,9367,59.96,6474,2750,NA,"edmundo"
928,"JOSE LEONARDO SUAREZ",11,11,8307,4980,59.95,3043,1847,NA,"edmundo"
929,"SABANA DE MENDOZA",14,14,9193,5478,59.59,3726,1703,NA,"edmundo"
930,"JUNIN",4,4,3273,2120,64.77,1254,861,NA,"edmundo"
931,"VALMORE RODRIGUEZ",14,14,10275,6119,59.55,3899,2132,NA,"edmundo"
932,"EL PARAISO",3,3,1665,1099,66.01,597,492,NA,"edmundo"
933,"SANTA ISABEL",9,9,5538,3523,63.62,2004,1454,NA,"edmundo"
934,"ARAGUANEY",3,3,1647,964,58.53,588,371,NA,"edmundo"
935,"EL JAGUITO",5,3,2127,1348,63.38,835,493,NA,"edmundo"
936,"LA ESPERANZA",5,5,3016,1938,64.26,1095,806,NA,"edmundo"
937,"SABANA GRANDE",9,8,5662,3429,60.56,2149,1230,NA,"edmundo"
938,"CHEREGUE",8,7,3753,2537,67.6,1258,1250,NA,"edmundo"
939,"GRANADOS",3,3,2369,1425,60.15,893,509,NA,"edmundo"
940,"EL SOCORRO",4,4,3771,2375,62.98,1670,681,NA,"edmundo"
941,"LOS CAPRICHOS",2,2,527,379,71.92,225,147,NA,"edmundo"
942,"ANTONIO JOSE DE SUCRE",2,2,961,602,62.64,418,177,NA,"edmundo"
943,"CAMPO ELIAS",10,10,4119,2913,70.72,1629,1258,NA,"edmundo"
944,"ARNOLDO GABALDON",6,5,1819,1207,66.36,570,613,NA,"maduro"
945,"SANTA APOLONIA",6,6,4124,2349,56.96,1146,1183,NA,"maduro"
946,"LA CEIBA",2,2,975,574,58.87,234,334,NA,"maduro"
947,"EL PROGRESO",7,7,4623,3078,66.58,1703,1349,NA,"edmundo"
948,"TRES DE FEBRERO",11,11,5971,4022,67.36,2235,1742,NA,"edmundo"
949,"PAMPANITO",14,14,10158,6753,66.48,4362,2309,NA,"edmundo"
950,"PAMPANITO II",10,10,7241,4773,65.92,2881,1802,NA,"edmundo"
951,"LA CONCEPCION",6,6,4294,2821,65.7,1783,991,NA,"edmundo"
952,"CM. AROA",56,49,23733,16494,69.5,8730,7359,NA,"edmundo"
953,"CM. CHIVACOA",60,60,44658,30276,67.8,18461,11144,NA,"edmundo"
954,"CAMPO ELIAS",19,19,10697,7673,71.73,3862,3642,NA,"edmundo"
955,"CM. NIRGUA",62,57,32917,21823,66.3,13572,7694,NA,"edmundo"
956,"SALOM",21,21,11940,7928,66.4,4889,2795,NA,"edmundo"
957,"TEMERLA",9,8,2306,1577,68.39,806,732,NA,"edmundo"
958,"CM. SAN FELIPE",68,56,41430,26172,63.17,18247,7306,NA,"edmundo"
959,"ALBARICO",34,24,15793,10269,65.02,5839,4107,NA,"edmundo"
960,"SAN JAVIER",19,19,11021,7492,67.98,4213,3048,NA,"edmundo"
961,"CM. GUAMA",28,27,16516,11684,70.74,6969,4440,NA,"edmundo"
962,"CM. URACHICHE",33,27,16468,10824,65.73,4980,5598,NA,"maduro"
963,"CM. YARITAGUA",95,90,66416,41456,62.42,26490,13856,NA,"edmundo"
964,"SAN ANDRES",13,13,7295,4892,67.06,3130,1644,NA,"edmundo"
965,"CM. SABANA DE PARRA",25,25,16072,10784,67.1,6129,4359,NA,"edmundo"
966,"CM. BORAURE",19,19,12905,8867,68.71,5584,3075,NA,"edmundo"
967,"CM. COCOROTE",43,43,32338,21614,66.84,14684,6295,NA,"edmundo"
968,"CM. INDEPENDENCIA",61,56,41163,27105,65.85,19203,7197,NA,"edmundo"
969,"CM. SAN PABLO",28,27,16047,11284,70.32,6078,4903,NA,"edmundo"
970,"CM. YUMARE",27,27,14700,10024,68.19,4404,5352,NA,"maduro"
971,"CM. FARRIAR",19,9,6585,4225,64.16,1560,2569,NA,"maduro"
972,"EL GUAYABO",20,15,7723,5183,67.11,2504,2563,NA,"maduro"
973,"GENERAL URDANETA",14,11,7240,4581,63.27,2710,1824,NA,"edmundo"
974,"LIBERTADOR",22,22,14955,8133,54.38,5446,2604,NA,"edmundo"
975,"MANUEL GUANIPA MATOS",12,12,8650,5570,64.39,4155,1301,NA,"edmundo"
976,"MARCELINO BRICEÑO",7,6,2962,1765,59.59,1001,738,NA,"edmundo"
977,"SAN TIMOTEO",7,7,5703,3318,58.18,2127,1155,NA,"edmundo"
978,"PUEBLO NUEVO",28,26,20017,11374,56.82,8029,3161,NA,"edmundo"
980,"SANTA RITA",34,31,21154,9562,45.2,6298,3140,NA,"edmundo"
981,"JOSE CENOVIO URRIBARR",15,15,11747,5276,44.91,3522,1680,NA,"edmundo"
982,"EL MENE",7,7,4776,2541,53.2,1700,800,NA,"edmundo"
983,"SANTA CRUZ DEL ZULIA",10,9,6438,3659,56.83,2733,900,NA,"edmundo"
984,"URIBARRI",18,16,8597,5130,59.67,3545,1524,NA,"edmundo"
985,"MORALITO",27,27,14888,8868,59.56,5880,2886,NA,"edmundo"
986,"SAN CARLOS DEL ZULIA",15,15,12476,7754,62.15,5841,1821,NA,"edmundo"
987,"SANTA BARBARA",50,46,37437,22273,59.49,16857,5144,NA,"edmundo"
988,"LUIS DE VICENTE",20,13,9335,5392,57.76,3304,2014,NA,"edmundo"
989,"RICAURTE",49,41,32171,18939,58.87,11594,6963,NA,"edmundo"
991,"SAN RAFAEL",45,40,30907,20467,66.22,10355,9866,NA,"edmundo"
992,"LAS PARCELAS",17,17,12720,8430,66.27,3776,4526,NA,"maduro"
993,"TAMARE",15,4,2915,1917,65.76,788,1089,NA,"maduro"
994,"LA SIERRITA",41,38,28720,17526,61.02,8828,8426,NA,"edmundo"
995,"BOLIVAR",23,20,16538,8133,49.18,6611,1416,NA,"edmundo"
996,"COQUIVACOA",81,72,62002,30373,48.99,22595,7313,NA,"edmundo"
997,"CRISTO DE ARANZA",90,66,57456,29393,51.16,22909,6059,NA,"edmundo"
998,"CHIQUINQUIRA",50,46,39928,17944,44.94,14563,3151,NA,"edmundo"
999,"SANTA LUCIA",34,34,28655,13727,47.9,11007,2564,NA,"edmundo"
1000,"OLEGARIO VILLALOBOS",73,72,61952,24719,39.9,21200,3241,NA,"edmundo"
1001,"JUANA DE AVILA",64,40,32917,14841,45.09,12246,2416,NA,"edmundo"
1002,"PQ.CARACCIOLO PARRA PEREZ",53,43,35412,15925,44.97,13140,2605,NA,"edmundo"
1003,"IDELFONZO VASQUEZ",110,67,51495,25300,49.13,14768,10020,NA,"edmundo"
1004,"CACIQUE MARA",59,4,3379,1690,50.01,1305,351,NA,"edmundo"
1005,"CECILIO ACOSTA",50,49,40006,19678,49.19,15806,3609,NA,"edmundo"
1007,"FRANCISCO EUGENIO B",144,106,90122,44379,49.24,31880,11667,NA,"edmundo"
1008,"MANUEL DAGNINO",61,60,51890,26364,50.81,20179,5743,NA,"edmundo"
1010,"VENANCIO PULGAR",88,57,46455,23414,50.4,15436,7596,NA,"edmundo"
1011,"ANTONIO BORJAS ROMERO",69,15,12642,5872,46.45,3815,1936,NA,"edmundo"
1012,"SAN ISIDRO",31,29,20916,10269,49.1,5553,4548,NA,"edmundo"
1013,"FARIA",10,9,4122,2803,68,1452,1336,NA,"edmundo"
1014,"SAN ANTONIO",12,12,7261,4717,64.96,2805,1827,NA,"edmundo"
1015,"ANA MARIA CAMPOS",11,7,3886,2499,64.31,1482,1007,NA,"edmundo"
1016,"SAN JOSE",26,20,13430,9002,67.03,3664,5262,NA,"maduro"
1017,"ALTAGRACIA",62,52,33796,19984,59.13,11664,8114,NA,"edmundo"
1018,"GUAJIRA",60,48,35596,15632,43.92,6993,8363,NA,"maduro"
1020,"SINAMAICA",20,17,11981,7391,61.69,2944,4395,NA,"maduro"
1021,"ALTA GUAJIRA",13,11,7205,3175,44.07,993,2135,NA,"maduro"
1022,"SAN JOSE DE PERIJA",18,18,13729,5869,42.75,4378,1422,NA,"edmundo"
1023,"PQ.BARTOLOME DE LAS CASAS",14,13,9957,4752,47.73,3278,1412,NA,"edmundo"
1024,"LIBERTAD",74,57,47102,22492,47.75,16348,5834,NA,"edmundo"
1025,"RIO NEGRO",7,7,5045,2670,52.92,1145,1482,NA,"maduro"
1026,"GIBRALTAR",11,10,6171,3755,60.85,2201,1500,NA,"edmundo"
1027,"HERAS",7,7,4127,2313,56.05,1333,938,NA,"edmundo"
1028,"M.ARTURO CELESTINO A",7,7,4773,2788,58.41,1798,946,NA,"edmundo"
1029,"ROMULO GALLEGOS",20,20,15923,8811,55.34,6225,2425,NA,"edmundo"
1030,"BOBURES",7,7,4382,2526,57.64,1411,1071,NA,"edmundo"
1031,"EL BATEY",7,7,5048,2652,52.54,1534,1080,NA,"edmundo"
1033,"POTRERITOS",7,6,5228,3113,59.54,2115,993,NA,"edmundo"
1034,"EL CARMELO",8,8,7662,4134,53.95,3210,904,NA,"edmundo"
1035,"CHIQUINQUIRA",13,8,7264,3829,52.71,2964,843,NA,"edmundo"
1036,"CONCEPCION",28,28,22947,11465,49.96,9429,1987,NA,"edmundo"
1037,"ELEAZAR LOPEZ C",4,3,1870,1108,59.25,741,342,NA,"edmundo"
1038,"PARAUTE",70,66,57360,27613,48.14,21888,5189,NA,"edmundo"
1039,"VENEZUELA",21,21,16735,7957,47.55,6203,1585,NA,"edmundo"
1040,"CAMPO LARA",7,7,4473,2676,59.83,2102,528,NA,"edmundo"
1041,"LIBERTAD",40,37,30004,14573,48.57,10971,3254,NA,"edmundo"
1042,"EL DANTO",25,21,18287,10052,54.97,6661,3135,NA,"edmundo"
1043,"UDON PEREZ",13,13,10121,5352,52.88,3850,1416,NA,"edmundo"
1044,"ENCONTRADOS",20,19,14640,7910,54.03,5028,2829,NA,"edmundo"
1046,"SIXTO ZAMBRANO",12,12,8584,3789,44.14,2324,1456,NA,"edmundo"
1047,"EL ROSARIO",69,59,45879,23208,50.59,17912,5087,NA,"edmundo"
1048,"AMBROSIO",42,34,27589,13927,50.48,10566,3105,NA,"edmundo"
1049,"GERMAN RIOS LINARES",41,24,19002,10757,56.61,7224,3335,NA,"edmundo"
1050,"JORGE HERNANDEZ",41,32,26098,15331,58.74,10110,4956,NA,"edmundo"
1051,"LA ROSA",28,20,15453,8170,52.87,6142,1894,NA,"edmundo"
1052,"PUNTA GORDA",10,7,5670,2999,52.89,1963,986,NA,"edmundo"
1053,"CARMEN HERRERA",27,21,17936,8804,49.09,6647,2042,NA,"edmundo"
1054,"SAN BENITO",22,13,11201,6089,54.36,3887,2082,NA,"edmundo"
1055,"ROMULO BETANCOURT",23,19,15659,8409,53.7,5502,2765,NA,"edmundo"
1056,"ARISTIDES CALVANI",10,7,4097,2605,63.58,1578,988,NA,"edmundo"
1057,"RAUL CUENCA",14,14,12237,7343,60.01,5067,2114,NA,"edmundo"
1058,"LA VICTORIA",29,28,21875,10957,50.09,7824,2927,NA,"edmundo"
1059,"RAFAEL URDANETA",10,10,7932,3755,47.34,2584,1092,NA,"edmundo"
1060,"JOSE RAMON YEPEZ",19,10,8521,4860,57.04,3119,1707,NA,"edmundo"
1061,"LA CONCEPCION",62,7,6806,3550,52.16,2828,676,NA,"edmundo"
1062,"SAN JOSE",17,6,3021,1468,48.59,1018,440,NA,"edmundo"
1063,"MARIANO PARRA LEON",7,6,4997,2947,58.98,1880,1033,NA,"edmundo"
1066,"MARCIAL HERNANDEZ",31,29,23394,11935,51.02,7748,4032,NA,"edmundo"
1067,"FRANCISCO OCHOA",61,54,44184,22060,49.93,17034,4683,NA,"edmundo"
1068,"SAN FRANCISCO",100,94,79216,37540,47.39,28704,8311,NA,"edmundo"
1069,"EL BAJO",19,18,14085,7863,55.83,5528,2214,NA,"edmundo"
1070,"DOMITILA FLORES",99,84,69543,34802,50.04,24789,9384,NA,"edmundo"
1071,"LOS CORTIJOS",27,22,16569,7846,47.35,4639,3091,NA,"edmundo"
1072,"JOSE DOMINGO RUS",35,32,25787,12778,49.55,9269,3307,NA,"edmundo"
1073,"BARI",13,7,6154,2914,47.35,1763,1095,NA,"edmundo"
1074,"JESUS M SEMPRUN",27,3,2443,606,24.81,485,114,NA,"edmundo"
1075,"SIMON RODRIGUEZ",19,18,12381,6678,53.94,4651,1934,NA,"edmundo"
1076,"CARLOS QUEVEDO",10,10,7526,3851,51.17,2577,1237,NA,"edmundo"
1077,"FRANCISCO J PULGAR",3,3,2486,1223,49.2,890,316,NA,"edmundo"
1078,"AGUSTIN CODAZZI",2,2,932,508,54.51,388,113,NA,"edmundo"
1079,"RAFAEL MARIA BARALT",21,8,5965,3262,54.69,2235,955,NA,"edmundo"
1080,"MANUEL MANRIQUE",22,8,5909,2909,49.23,1984,866,NA,"edmundo"
1081,"RAFAEL URDANETA",5,5,3955,2290,57.9,1537,707,NA,"edmundo"
1082,"FERNANDO GIRON TOVAR",36,35,24878,14988,60.25,9488,5130,NA,"edmundo"
1083,"LUIS ALBERTO GOMEZ",55,50,37368,22903,61.29,14074,8179,NA,"edmundo"
1084,"PARHUEÑA",20,13,8193,4704,57.41,2260,2322,NA,"maduro"
1085,"PLATANILLAL",21,10,5322,3202,60.17,1398,1744,NA,"maduro"
1111,"SAN JOSE",9,5,3209,1876,58.46,1328,522,NA,"edmundo"
1112,"VIRGEN DEL VALLE",16,14,5784,3532,61.07,1645,1811,NA,"maduro"
1113,"SAN RAFAEL",27,18,9733,5712,58.69,3067,2499,NA,"edmundo"
1114,"JOSE VIDAL MARCANO",22,19,11255,6438,57.2,4023,2258,NA,"edmundo"
1115,"LEONARDO RUIZ PINEDA",22,17,11196,6644,59.34,4247,2214,NA,"edmundo"
1116,"MONS. ARGIMIRO GARCIA",19,16,10837,6390,58.96,4278,1942,NA,"edmundo"
1117,"PQ.MCL.ANTONIO J DE SUCRE",15,13,8587,4926,57.37,2930,1865,NA,"edmundo"
1118,"JUAN MILLAN",19,14,6543,3785,57.85,1983,1693,NA,"edmundo"
1119,"PEDERNALES",6,5,3566,1578,44.25,268,1308,NA,"maduro"
1120,"LUIS B. PRIETO F.",5,4,2628,1236,47.03,218,987,NA,"maduro"
1121,"CURIAPO",11,5,3624,1363,37.61,409,954,NA,"maduro"
1122,"SANTOS DE ABELGAS",4,1,326,197,60.43,55,138,NA,"maduro"
1124,"PADRE BARRAL",9,5,3406,1728,50.73,220,1499,NA,"maduro"
1126,"ALMIRANTE LUIS BRION",6,2,600,298,49.67,144,151,NA,"maduro"
1127,"IMATACA",9,9,4257,2233,52.45,1101,1054,NA,"edmundo"
1128,"ROMULO GALLEGOS",7,3,1171,577,49.27,223,328,NA,"maduro"
1129,"JUAN BAUTISTA ARISMEN",10,4,1632,832,50.98,279,517,NA,"maduro"
1130,"MANUEL PIAR",22,17,11156,5905,52.93,3048,2657,NA,"edmundo"
1132,"CARABALLEDA",49,44,37800,22812,60.35,15565,6605,NA,"edmundo"
1133,"CARAYACA",53,47,27044,18707,69.17,9855,8105,NA,"edmundo"
1134,"CARUAO",9,7,4503,3328,73.91,1563,1638,NA,"maduro"
1135,"CATIA LA MAR",90,81,64586,39875,61.74,23582,14995,NA,"edmundo"
1136,"LA GUAIRA",25,14,11433,7921,69.28,5169,2478,NA,"edmundo"
1137,"MACUTO",19,2,1865,937,50.24,568,344,NA,"edmundo"
1138,"MAIQUETIA",38,37,31498,20016,63.55,12542,6985,NA,"edmundo"
1139,"NAIGUATA",21,18,13296,8760,65.88,5550,2941,NA,"edmundo"
1141,"URIMARE",48,36,28599,17972,62.84,10985,6510,NA,"edmundo"
1142,"CARLOS SOUBLETTE",49,41,30843,20176,65.42,12438,7112,NA,"edmundo"
